지점,지점명,일시,최저기온(°C),최고기온(°C)
108,서울,1953-12-01,7.4,16.2
108,서울,1953-12-02,1.4,9
108,서울,1953-12-03,-4.2,4.6
108,서울,1953-12-04,-6.6,-.5
108,서울,1953-12-05,-8.7,1
108,서울,1953-12-06,-2.4,3.7
108,서울,1953-12-07,-2.7,6.8
108,서울,1953-12-08,-2.4,9.2
108,서울,1953-12-09,.6,6.5
108,서울,1953-12-10,-2.8,1.6
108,서울,1953-12-11,-6.1,-1.9
108,서울,1953-12-12,-7.3,-.1
108,서울,1953-12-13,-3.6,8.2
108,서울,1953-12-14,.4,7.3
108,서울,1953-12-15,-3.4,4.5
108,서울,1953-12-16,-3.2,8.5
108,서울,1953-12-17,-.8,6.8
108,서울,1953-12-18,-4.2,8.2
108,서울,1953-12-19,-1,5.8
108,서울,1953-12-20,-5.3,6.4
108,서울,1953-12-21,-5,2.7
108,서울,1953-12-22,-5.5,3.2
108,서울,1953-12-23,-5.6,1.8
108,서울,1953-12-24,-2.8,5
108,서울,1953-12-25,-.6,4.2
108,서울,1953-12-26,-5.2,.4
108,서울,1953-12-27,-6.6,.1
108,서울,1953-12-28,-2.5,4.4
108,서울,1953-12-29,-3.8,5.4
108,서울,1953-12-30,-5.6,-.2
108,서울,1953-12-31,-9.2,2.3
108,서울,1954-01-01,-7.8,4
108,서울,1954-01-02,-6.3,2
108,서울,1954-01-03,-2.6,3.9
108,서울,1954-01-04,-4,6.6
108,서울,1954-01-05,-2.8,3.9
108,서울,1954-01-06,-5.9,1.3
108,서울,1954-01-07,-5.8,3.4
108,서울,1954-01-08,-6.2,2.9
108,서울,1954-01-09,.2,3.8
108,서울,1954-01-10,-6.3,1.4
108,서울,1954-01-11,-9.5,-1.5
108,서울,1954-01-12,-8.6,4.8
108,서울,1954-01-13,-2.2,4.6
108,서울,1954-01-14,-2,2.2
108,서울,1954-01-15,-1.8,2.8
108,서울,1954-01-16,-1.6,2.4
108,서울,1954-01-17,-4,6.9
108,서울,1954-01-18,-2.2,4.8
108,서울,1954-01-19,-1.3,5.8
108,서울,1954-01-20,-1.5,10.7
108,서울,1954-01-21,.5,5.5
108,서울,1954-01-22,-6.4,1.6
108,서울,1954-01-23,-9.1,-2.6
108,서울,1954-01-24,-9.8,-3.4
108,서울,1954-01-25,-11.7,-5
108,서울,1954-01-26,-11.9,-.3
108,서울,1954-01-27,-5.6,3.4
108,서울,1954-01-28,-8.6,-2.1
108,서울,1954-01-29,-10.6,-.4
108,서울,1954-01-30,-10,3.6
108,서울,1954-01-31,-6.2,-.2
108,서울,1954-02-01,-8.2,-.6
108,서울,1954-02-02,-12.3,-3.2
108,서울,1954-02-03,-13.9,-1.5
108,서울,1954-02-04,-12,0
108,서울,1954-02-05,-11.5,-.2
108,서울,1954-02-06,-10.6,-.5
108,서울,1954-02-07,-10.8,3
108,서울,1954-02-08,-7.1,6.2
108,서울,1954-02-09,-5.1,8.1
108,서울,1954-02-10,-1.7,9.9
108,서울,1954-02-11,5,8.6
108,서울,1954-02-12,-4.3,5.7
108,서울,1954-02-13,-4.3,6.3
108,서울,1954-02-14,1.2,10.5
108,서울,1954-02-15,1.4,6.1
108,서울,1954-02-16,2.5,11
108,서울,1954-02-17,-3.4,6.6
108,서울,1954-02-18,-8,-.4
108,서울,1954-02-19,-9.5,3.8
108,서울,1954-02-20,-3.7,5.6
108,서울,1954-02-21,-7.1,-.4
108,서울,1954-02-22,-9.2,2.9
108,서울,1954-02-23,-2.6,7
108,서울,1954-02-24,-3.2,12.2
108,서울,1954-02-25,5.9,10.8
108,서울,1954-02-26,5.6,10
108,서울,1954-02-27,3.4,7.8
108,서울,1954-02-28,2,6.4
108,서울,1954-03-01,3.2,7.2
108,서울,1954-03-02,.4,9.4
108,서울,1954-03-03,-2.6,4
108,서울,1954-03-04,-3.6,4.6
108,서울,1954-03-05,-4.9,4.4
108,서울,1954-03-06,-6.8,1.2
108,서울,1954-03-07,-7.4,1.9
108,서울,1954-03-08,-4.8,5.8
108,서울,1954-03-09,-1.1,6.8
108,서울,1954-03-10,-.3,10.4
108,서울,1954-03-11,-.1,11.5
108,서울,1954-03-12,-6.6,.2
108,서울,1954-03-13,-7.8,2
108,서울,1954-03-14,-3.2,6
108,서울,1954-03-15,-3.8,5.8
108,서울,1954-03-16,-3,8
108,서울,1954-03-17,-2.5,11.3
108,서울,1954-03-18,-1.6,13.9
108,서울,1954-03-19,-1.2,8.8
108,서울,1954-03-20,-2.8,3.1
108,서울,1954-03-21,-3.6,6.7
108,서울,1954-03-22,-3.6,8.2
108,서울,1954-03-23,-1.6,10.9
108,서울,1954-03-24,1.1,12.8
108,서울,1954-03-25,.7,17
108,서울,1954-03-26,3.9,18.2
108,서울,1954-03-27,8,13.2
108,서울,1954-03-28,3.4,12
108,서울,1954-03-29,.3,11.3
108,서울,1954-03-30,.6,12.2
108,서울,1954-03-31,.8,16.3
108,서울,1954-04-01,5.7,20.2
108,서울,1954-04-02,5.5,19.5
108,서울,1954-04-03,5.6,19.9
108,서울,1954-04-04,7.4,22.3
108,서울,1954-04-05,11.6,22.4
108,서울,1954-04-06,7.6,21.6
108,서울,1954-04-07,6.1,11.8
108,서울,1954-04-08,5.4,15.7
108,서울,1954-04-09,3.4,19
108,서울,1954-04-10,4.8,20.2
108,서울,1954-04-11,6.2,15.6
108,서울,1954-04-12,7,13.6
108,서울,1954-04-13,4.4,17.9
108,서울,1954-04-14,6.2,20.2
108,서울,1954-04-15,7.8,20.6
108,서울,1954-04-16,10.3,26.8
108,서울,1954-04-17,11.2,17.8
108,서울,1954-04-18,6.7,15.4
108,서울,1954-04-19,5.2,11.9
108,서울,1954-04-20,3.2,13.3
108,서울,1954-04-21,3,15.1
108,서울,1954-04-22,4.2,17
108,서울,1954-04-23,3.7,21.2
108,서울,1954-04-24,9.2,19.4
108,서울,1954-04-25,10.4,20.2
108,서울,1954-04-26,9.1,17.8
108,서울,1954-04-27,5,18.6
108,서울,1954-04-28,6.8,18
108,서울,1954-04-29,9.1,21.2
108,서울,1954-04-30,10,18
108,서울,1954-05-01,9.8,14.2
108,서울,1954-05-02,8.8,14
108,서울,1954-05-03,9.6,17.6
108,서울,1954-05-04,8.4,19.4
108,서울,1954-05-05,8.3,20.8
108,서울,1954-05-06,10.3,25.3
108,서울,1954-05-07,13.1,26.1
108,서울,1954-05-08,13.7,27.9
108,서울,1954-05-09,11.4,19.6
108,서울,1954-05-10,9.6,20.1
108,서울,1954-05-11,9.1,21.4
108,서울,1954-05-12,10,25.5
108,서울,1954-05-13,15.3,24
108,서울,1954-05-14,12.2,19.9
108,서울,1954-05-15,10.1,20.7
108,서울,1954-05-16,10.8,22.4
108,서울,1954-05-17,7.8,22.2
108,서울,1954-05-18,10.5,23.2
108,서울,1954-05-19,12.5,26.6
108,서울,1954-05-20,15.1,28.6
108,서울,1954-05-21,16.3,26.7
108,서울,1954-05-22,14.8,25.6
108,서울,1954-05-23,13.8,22.5
108,서울,1954-05-24,14.8,22
108,서울,1954-05-25,11.3,24.1
108,서울,1954-05-26,9.8,26.4
108,서울,1954-05-27,13.8,24.8
108,서울,1954-05-28,13.1,25.4
108,서울,1954-05-29,14.1,25.8
108,서울,1954-05-30,13.9,26.8
108,서울,1954-05-31,11.9,25
108,서울,1954-06-01,13.1,19.5
108,서울,1954-06-02,12.6,17.3
108,서울,1954-06-03,13.4,20.4
108,서울,1954-06-04,14.7,24.7
108,서울,1954-06-05,13.9,22.4
108,서울,1954-06-06,13.8,20.5
108,서울,1954-06-07,13,24.3
108,서울,1954-06-08,15.4,21
108,서울,1954-06-09,14.2,22.4
108,서울,1954-06-10,14.2,20
108,서울,1954-06-11,14.4,19
108,서울,1954-06-12,15.1,26.7
108,서울,1954-06-13,16,25.3
108,서울,1954-06-14,15.8,26.5
108,서울,1954-06-15,15.6,26.6
108,서울,1954-06-16,15,27.6
108,서울,1954-06-17,17.2,29.9
108,서울,1954-06-18,19.5,28.4
108,서울,1954-06-19,17.9,26.6
108,서울,1954-06-20,16.6,26.7
108,서울,1954-06-21,16.1,27.2
108,서울,1954-06-22,18.3,29.2
108,서울,1954-06-23,17.5,29.7
108,서울,1954-06-24,16.9,28.3
108,서울,1954-06-25,18.8,27.6
108,서울,1954-06-26,17.6,23.6
108,서울,1954-06-27,16,30.4
108,서울,1954-06-28,18.2,23.2
108,서울,1954-06-29,15.5,20.1
108,서울,1954-06-30,15.1,23.8
108,서울,1954-07-01,17.8,25.4
108,서울,1954-07-02,19,23
108,서울,1954-07-03,18.8,28.7
108,서울,1954-07-04,18.4,25.8
108,서울,1954-07-05,18.1,21
108,서울,1954-07-06,18.6,25.9
108,서울,1954-07-07,16.7,20.7
108,서울,1954-07-08,16.9,20.8
108,서울,1954-07-09,17.1,25.1
108,서울,1954-07-10,18.6,29.1
108,서울,1954-07-11,16,26.5
108,서울,1954-07-12,13.8,26.9
108,서울,1954-07-13,13.6,27.6
108,서울,1954-07-14,17.2,30.3
108,서울,1954-07-15,19.5,28.1
108,서울,1954-07-16,20.6,31.9
108,서울,1954-07-17,19.2,22.8
108,서울,1954-07-18,19.5,24.2
108,서울,1954-07-19,19.3,24.5
108,서울,1954-07-20,19.3,31.4
108,서울,1954-07-21,22,24.2
108,서울,1954-07-22,21.8,23.6
108,서울,1954-07-23,22,23.9
108,서울,1954-07-24,22,26.9
108,서울,1954-07-25,20.7,27.5
108,서울,1954-07-26,21,27.1
108,서울,1954-07-27,20.9,29.5
108,서울,1954-07-28,20.8,28.3
108,서울,1954-07-29,19.9,27.5
108,서울,1954-07-30,19.1,27.4
108,서울,1954-07-31,18.6,27.5
108,서울,1954-08-01,16.9,26.8
108,서울,1954-08-02,18,21.2
108,서울,1954-08-03,20,25.2
108,서울,1954-08-04,22.8,28.1
108,서울,1954-08-05,22,32.5
108,서울,1954-08-06,23,31.7
108,서울,1954-08-07,23.8,32.8
108,서울,1954-08-08,21.4,31
108,서울,1954-08-09,23.5,32.2
108,서울,1954-08-10,23.1,34.3
108,서울,1954-08-11,24.3,29
108,서울,1954-08-12,24.6,32
108,서울,1954-08-13,25,33
108,서울,1954-08-14,24.2,32.9
108,서울,1954-08-15,24.4,31.4
108,서울,1954-08-16,24.6,33.6
108,서울,1954-08-17,24.1,33.8
108,서울,1954-08-18,23,31.8
108,서울,1954-08-19,21.3,30.7
108,서울,1954-08-20,21.7,27.3
108,서울,1954-08-21,23.4,30.1
108,서울,1954-08-22,24.2,32.4
108,서울,1954-08-23,24.5,29.7
108,서울,1954-08-24,23.7,33.2
108,서울,1954-08-25,24.6,31.1
108,서울,1954-08-26,24.2,29.1
108,서울,1954-08-27,22.6,26
108,서울,1954-08-28,21.8,29.4
108,서울,1954-08-29,20.6,27.9
108,서울,1954-08-30,20.6,28.8
108,서울,1954-08-31,20.6,29.7
108,서울,1954-09-01,20.6,27.9
108,서울,1954-09-02,18.4,28.4
108,서울,1954-09-03,20,29.3
108,서울,1954-09-04,19.2,30
108,서울,1954-09-05,19.1,24
108,서울,1954-09-06,19.6,26
108,서울,1954-09-07,21.4,29.1
108,서울,1954-09-08,18.8,27
108,서울,1954-09-09,16.9,25.9
108,서울,1954-09-10,16.4,29.2
108,서울,1954-09-11,18.8,28.1
108,서울,1954-09-12,21.1,28.1
108,서울,1954-09-13,17.5,22.4
108,서울,1954-09-14,16.3,20.3
108,서울,1954-09-15,15.4,20.5
108,서울,1954-09-16,16.7,27.7
108,서울,1954-09-17,14.2,26.4
108,서울,1954-09-18,11.5,26.4
108,서울,1954-09-19,14.2,26.6
108,서울,1954-09-20,17.9,24.3
108,서울,1954-09-21,16.8,25.3
108,서울,1954-09-22,17,27.3
108,서울,1954-09-23,17.2,24.9
108,서울,1954-09-24,16,22.8
108,서울,1954-09-25,14.1,17.5
108,서울,1954-09-26,12.7,21
108,서울,1954-09-27,10.2,20.7
108,서울,1954-09-28,11.1,23.1
108,서울,1954-09-29,10.4,23.6
108,서울,1954-09-30,14.4,24
108,서울,1954-10-01,13.6,25
108,서울,1954-10-02,15.3,20.5
108,서울,1954-10-03,8.1,16.5
108,서울,1954-10-04,4.4,19.5
108,서울,1954-10-05,10.1,17
108,서울,1954-10-06,12.4,15.2
108,서울,1954-10-07,10.9,19.8
108,서울,1954-10-08,9.3,17.7
108,서울,1954-10-09,6,16
108,서울,1954-10-10,4.1,16.3
108,서울,1954-10-11,4.9,13.4
108,서울,1954-10-12,1,13.7
108,서울,1954-10-13,1.2,16.7
108,서울,1954-10-14,4.3,19.4
108,서울,1954-10-15,5.3,19.7
108,서울,1954-10-16,8.4,20.3
108,서울,1954-10-17,8.9,17.8
108,서울,1954-10-18,8.1,20.6
108,서울,1954-10-19,8.5,22
108,서울,1954-10-20,10.9,20.6
108,서울,1954-10-21,7.3,19.6
108,서울,1954-10-22,6.9,15.4
108,서울,1954-10-23,5.9,17.6
108,서울,1954-10-24,7.4,22.5
108,서울,1954-10-25,8.6,23.7
108,서울,1954-10-26,8.9,22.4
108,서울,1954-10-27,9.7,22
108,서울,1954-10-28,6,14.5
108,서울,1954-10-29,2.5,17.2
108,서울,1954-10-30,3.4,11.2
108,서울,1954-10-31,.8,16.4
108,서울,1954-11-01,4.2,14.1
108,서울,1954-11-02,.5,12.2
108,서울,1954-11-03,2.5,17.2
108,서울,1954-11-04,5.1,17.9
108,서울,1954-11-05,3.4,16.8
108,서울,1954-11-06,3.3,17.8
108,서울,1954-11-07,5.8,13.8
108,서울,1954-11-08,9.1,17.8
108,서울,1954-11-09,10.4,18.9
108,서울,1954-11-10,9,18.6
108,서울,1954-11-11,3.7,12.4
108,서울,1954-11-12,-.2,14.9
108,서울,1954-11-13,6.8,17.4
108,서울,1954-11-14,5.8,15.2
108,서울,1954-11-15,2.6,11.6
108,서울,1954-11-16,.9,9.2
108,서울,1954-11-17,-2.3,8.7
108,서울,1954-11-18,-2.4,9.2
108,서울,1954-11-19,.7,11.3
108,서울,1954-11-20,1.1,14.3
108,서울,1954-11-21,2.7,15.8
108,서울,1954-11-22,3.2,18
108,서울,1954-11-23,6.4,19.1
108,서울,1954-11-24,6.1,17
108,서울,1954-11-25,6.7,10.4
108,서울,1954-11-26,5.3,16.9
108,서울,1954-11-27,11,15.2
108,서울,1954-11-28,8.1,18.1
108,서울,1954-11-29,9,13.2
108,서울,1954-11-30,7.8,11.1
108,서울,1954-12-01,-1.4,10.4
108,서울,1954-12-02,-6.6,-1.1
108,서울,1954-12-03,-7.1,.7
108,서울,1954-12-04,-6.9,2.9
108,서울,1954-12-05,-3.3,4.7
108,서울,1954-12-06,-4.3,9.3
108,서울,1954-12-07,6.3,10.9
108,서울,1954-12-08,-.8,8.7
108,서울,1954-12-09,-4.2,2.1
108,서울,1954-12-10,-6,-.5
108,서울,1954-12-11,-7.8,0
108,서울,1954-12-12,-7.4,0
108,서울,1954-12-13,-5.6,-.2
108,서울,1954-12-14,-10.4,-2.6
108,서울,1954-12-15,-11,-.7
108,서울,1954-12-16,-6.2,3.2
108,서울,1954-12-17,-8.8,2.8
108,서울,1954-12-18,-8,2.6
108,서울,1954-12-19,-.9,5.6
108,서울,1954-12-20,-3.8,3.9
108,서울,1954-12-21,-4.4,6.3
108,서울,1954-12-22,-8.5,.8
108,서울,1954-12-23,-10.2,-.9
108,서울,1954-12-24,-8.3,-2
108,서울,1954-12-25,-12.1,-4.4
108,서울,1954-12-26,-11.8,-4.4
108,서울,1954-12-27,-12.5,-2.9
108,서울,1954-12-28,-10,.3
108,서울,1954-12-29,-11,-3.2
108,서울,1954-12-30,-11.2,-4.9
108,서울,1954-12-31,-10.7,-2.3
108,서울,1955-01-01,-11.8,-5.6
108,서울,1955-01-02,-13.9,-6.3
108,서울,1955-01-03,-14.8,-4.3
108,서울,1955-01-04,-10.2,-2.9
108,서울,1955-01-05,-12,-4.4
108,서울,1955-01-06,-13.6,-6.3
108,서울,1955-01-07,-14.3,-3.3
108,서울,1955-01-08,-12.4,0
108,서울,1955-01-09,-10.8,-2.9
108,서울,1955-01-10,-15,-9.1
108,서울,1955-01-11,-17.2,-4.6
108,서울,1955-01-12,-9.6,4
108,서울,1955-01-13,-6.3,2.4
108,서울,1955-01-14,-6.8,3.4
108,서울,1955-01-15,-14.1,-1.6
108,서울,1955-01-16,-15.8,-7.4
108,서울,1955-01-17,-12.4,-5.1
108,서울,1955-01-18,-14.2,-1.7
108,서울,1955-01-19,-6.4,2.6
108,서울,1955-01-20,-9.8,-3.7
108,서울,1955-01-21,-12.1,1.2
108,서울,1955-01-22,-4,3
108,서울,1955-01-23,-8.7,5.4
108,서울,1955-01-24,-4.7,5.3
108,서울,1955-01-25,-5.5,3.8
108,서울,1955-01-26,-7.4,-.8
108,서울,1955-01-27,-10.8,2.1
108,서울,1955-01-28,-9.4,3.9
108,서울,1955-01-29,-3.8,2.5
108,서울,1955-01-30,-8.1,2
108,서울,1955-01-31,-11.3,-2
108,서울,1955-02-01,-5,4.1
108,서울,1955-02-02,-3.1,7
108,서울,1955-02-03,-5.5,3
108,서울,1955-02-04,-6.2,5
108,서울,1955-02-05,-8.4,1.6
108,서울,1955-02-06,-9.2,4
108,서울,1955-02-07,-2.1,4.8
108,서울,1955-02-08,-4.2,8.7
108,서울,1955-02-09,-1.5,6.2
108,서울,1955-02-10,-11.5,1.5
108,서울,1955-02-11,-14.3,-6.6
108,서울,1955-02-12,-14.2,-2
108,서울,1955-02-13,-6.6,3.7
108,서울,1955-02-14,.5,6.4
108,서울,1955-02-15,-1,6.5
108,서울,1955-02-16,-4.2,9.7
108,서울,1955-02-17,-.8,11.1
108,서울,1955-02-18,-.5,11.3
108,서울,1955-02-19,-5.3,5.8
108,서울,1955-02-20,-11,-5
108,서울,1955-02-21,-14.2,-4.5
108,서울,1955-02-22,-6.8,5.6
108,서울,1955-02-23,.5,7.6
108,서울,1955-02-24,-1.3,7.2
108,서울,1955-02-25,-3.8,10.6
108,서울,1955-02-26,-1.1,15.1
108,서울,1955-02-27,.7,12.8
108,서울,1955-02-28,-2.2,4
108,서울,1955-03-01,-3.3,8.2
108,서울,1955-03-02,-1.4,5.5
108,서울,1955-03-03,-3.9,7.6
108,서울,1955-03-04,-2.8,7.7
108,서울,1955-03-05,-.5,8.6
108,서울,1955-03-06,.2,3.1
108,서울,1955-03-07,-1,5.4
108,서울,1955-03-08,-.5,6.6
108,서울,1955-03-09,-2.8,5.9
108,서울,1955-03-10,-4.8,8.2
108,서울,1955-03-11,-1.3,13.7
108,서울,1955-03-12,-1.7,10.8
108,서울,1955-03-13,-4.7,.3
108,서울,1955-03-14,-4.7,3.9
108,서울,1955-03-15,-3.2,8.6
108,서울,1955-03-16,1.1,13.8
108,서울,1955-03-17,3.8,14.6
108,서울,1955-03-18,-2.8,3.8
108,서울,1955-03-19,-2.7,8.5
108,서울,1955-03-20,.9,13.9
108,서울,1955-03-21,5.1,12.2
108,서울,1955-03-22,4,16.2
108,서울,1955-03-23,2.2,10.8
108,서울,1955-03-24,2.7,11.5
108,서울,1955-03-25,0,8.1
108,서울,1955-03-26,-1.8,11.9
108,서울,1955-03-27,2.3,13.3
108,서울,1955-03-28,3.5,14.4
108,서울,1955-03-29,1.7,12.7
108,서울,1955-03-30,5.6,10.9
108,서울,1955-03-31,4.5,14.3
108,서울,1955-04-01,5.4,14.7
108,서울,1955-04-02,2.9,13.9
108,서울,1955-04-03,.7,11.1
108,서울,1955-04-04,-2.5,9
108,서울,1955-04-05,1.1,14.8
108,서울,1955-04-06,6.7,17.9
108,서울,1955-04-07,10.2,21.2
108,서울,1955-04-08,9.8,22.2
108,서울,1955-04-09,9.7,14.4
108,서울,1955-04-10,5.9,13.2
108,서울,1955-04-11,4.1,22
108,서울,1955-04-12,15.7,25
108,서울,1955-04-13,10.3,18.9
108,서울,1955-04-14,10.2,16.4
108,서울,1955-04-15,8.9,11.6
108,서울,1955-04-16,9.2,12.1
108,서울,1955-04-17,8,11.1
108,서울,1955-04-18,6.9,10.7
108,서울,1955-04-19,5,8.9
108,서울,1955-04-20,2.6,13.5
108,서울,1955-04-21,3.4,15.5
108,서울,1955-04-22,3.8,19.8
108,서울,1955-04-23,8.8,15
108,서울,1955-04-24,8.1,13.8
108,서울,1955-04-25,5.2,15.4
108,서울,1955-04-26,3.6,19
108,서울,1955-04-27,6.4,19.4
108,서울,1955-04-28,6.9,20.4
108,서울,1955-04-29,10,23.8
108,서울,1955-04-30,7.9,23.8
108,서울,1955-05-01,9.2,24.3
108,서울,1955-05-02,10,26
108,서울,1955-05-03,10.9,18
108,서울,1955-05-04,9.3,18.2
108,서울,1955-05-05,11.5,19.8
108,서울,1955-05-06,11.7,22.7
108,서울,1955-05-07,10.3,25.1
108,서울,1955-05-08,11.2,25.2
108,서울,1955-05-09,11.9,24.1
108,서울,1955-05-10,12.3,29
108,서울,1955-05-11,9.9,15.3
108,서울,1955-05-12,9.8,18.1
108,서울,1955-05-13,8.2,21.6
108,서울,1955-05-14,9.5,24.5
108,서울,1955-05-15,12.4,26.5
108,서울,1955-05-16,13.1,19.3
108,서울,1955-05-17,13.8,20.6
108,서울,1955-05-18,11.2,19.9
108,서울,1955-05-19,10.9,20.6
108,서울,1955-05-20,11,21.1
108,서울,1955-05-21,10.7,24
108,서울,1955-05-22,9.5,22.5
108,서울,1955-05-23,8.7,26.6
108,서울,1955-05-24,13.5,24.7
108,서울,1955-05-25,9.9,24.8
108,서울,1955-05-26,12,26.3
108,서울,1955-05-27,12.2,22.9
108,서울,1955-05-28,13.3,16.1
108,서울,1955-05-29,12.2,20.3
108,서울,1955-05-30,12.1,23
108,서울,1955-05-31,11.3,24.5
108,서울,1955-06-01,12.2,22.4
108,서울,1955-06-02,11.2,24.4
108,서울,1955-06-03,12.5,23.9
108,서울,1955-06-04,11.7,25.7
108,서울,1955-06-05,13,28.3
108,서울,1955-06-06,14.7,28.4
108,서울,1955-06-07,15.2,28.1
108,서울,1955-06-08,14.3,27.2
108,서울,1955-06-09,15.5,29.9
108,서울,1955-06-10,17.7,29.2
108,서울,1955-06-11,16,29.7
108,서울,1955-06-12,19.6,32.8
108,서울,1955-06-13,18.2,33.7
108,서울,1955-06-14,19.2,30.9
108,서울,1955-06-15,19.3,30.9
108,서울,1955-06-16,18.5,33.2
108,서울,1955-06-17,19.8,22.8
108,서울,1955-06-18,18.8,24.3
108,서울,1955-06-19,18.6,26.3
108,서울,1955-06-20,19.1,26.1
108,서울,1955-06-21,18.3,27.7
108,서울,1955-06-22,17,33.8
108,서울,1955-06-23,22,31.9
108,서울,1955-06-24,21.8,23.2
108,서울,1955-06-25,19.6,22
108,서울,1955-06-26,18.2,21.3
108,서울,1955-06-27,17.8,20.5
108,서울,1955-06-28,16.8,26.8
108,서울,1955-06-29,18.6,26.7
108,서울,1955-06-30,20.2,25.6
108,서울,1955-07-01,20.1,29.9
108,서울,1955-07-02,21.8,25.5
108,서울,1955-07-03,18.3,23.8
108,서울,1955-07-04,17.9,21.9
108,서울,1955-07-05,18.7,21.2
108,서울,1955-07-06,18.5,25.5
108,서울,1955-07-07,18.6,28.6
108,서울,1955-07-08,19.2,30.6
108,서울,1955-07-09,20.3,31
108,서울,1955-07-10,22.5,27.6
108,서울,1955-07-11,22.8,26
108,서울,1955-07-12,21.3,25.3
108,서울,1955-07-13,20.5,23.5
108,서울,1955-07-14,19.4,25.9
108,서울,1955-07-15,23.2,32.4
108,서울,1955-07-16,24.8,31.7
108,서울,1955-07-17,23.9,31.5
108,서울,1955-07-18,23.5,28.9
108,서울,1955-07-19,22.8,27.1
108,서울,1955-07-20,22.1,30.3
108,서울,1955-07-21,22.5,28.5
108,서울,1955-07-22,22.2,29
108,서울,1955-07-23,22.7,31.5
108,서울,1955-07-24,23.3,29.8
108,서울,1955-07-25,22.5,29.5
108,서울,1955-07-26,23.7,32.8
108,서울,1955-07-27,23,32.3
108,서울,1955-07-28,24.3,31.5
108,서울,1955-07-29,24.3,29.3
108,서울,1955-07-30,25,30.2
108,서울,1955-07-31,23.3,28.8
108,서울,1955-08-01,23.3,27.2
108,서울,1955-08-02,22.4,29.4
108,서울,1955-08-03,22.4,31.1
108,서울,1955-08-04,22.8,30.7
108,서울,1955-08-05,24,30.6
108,서울,1955-08-06,23,30.9
108,서울,1955-08-07,23.6,32.3
108,서울,1955-08-08,23.5,32.1
108,서울,1955-08-09,23.1,32
108,서울,1955-08-10,23.9,33.3
108,서울,1955-08-11,23.2,33.3
108,서울,1955-08-12,19.4,32.6
108,서울,1955-08-13,19.9,32.3
108,서울,1955-08-14,20.4,31.8
108,서울,1955-08-15,21.3,32.8
108,서울,1955-08-16,23.4,33.9
108,서울,1955-08-17,23.3,33.3
108,서울,1955-08-18,22.1,33.8
108,서울,1955-08-19,22.2,32.3
108,서울,1955-08-20,23.2,31.8
108,서울,1955-08-21,20.8,32.8
108,서울,1955-08-22,20.3,33
108,서울,1955-08-23,20.4,33.1
108,서울,1955-08-24,21.4,33.5
108,서울,1955-08-25,21.8,34.2
108,서울,1955-08-26,22.5,34
108,서울,1955-08-27,22.3,35
108,서울,1955-08-28,22.8,29.8
108,서울,1955-08-29,21.3,27.9
108,서울,1955-08-30,19.6,30.6
108,서울,1955-08-31,18.6,28.5
108,서울,1955-09-01,18.2,27.1
108,서울,1955-09-02,16.8,27.8
108,서울,1955-09-03,17.2,28.1
108,서울,1955-09-04,18.5,25.3
108,서울,1955-09-05,17.9,29.4
108,서울,1955-09-06,19.1,32.3
108,서울,1955-09-07,20.9,31.3
108,서울,1955-09-08,17,23.8
108,서울,1955-09-09,17.8,28.2
108,서울,1955-09-10,19.4,27.3
108,서울,1955-09-11,19.8,22.8
108,서울,1955-09-12,16.1,22.9
108,서울,1955-09-13,17.8,25.1
108,서울,1955-09-14,19,26.2
108,서울,1955-09-15,15.1,26.5
108,서울,1955-09-16,16.4,27.4
108,서울,1955-09-17,18,24
108,서울,1955-09-18,16.6,24.9
108,서울,1955-09-19,13.6,25.9
108,서울,1955-09-20,15.1,26.5
108,서울,1955-09-21,14.7,27.4
108,서울,1955-09-22,15.9,20.1
108,서울,1955-09-23,15.4,23.4
108,서울,1955-09-24,11,25.3
108,서울,1955-09-25,11,26
108,서울,1955-09-26,15.6,24.2
108,서울,1955-09-27,13,26.9
108,서울,1955-09-28,12.5,26.2
108,서울,1955-09-29,13.3,27.2
108,서울,1955-09-30,15.2,27.6
108,서울,1955-10-01,12,27.3
108,서울,1955-10-02,15.7,27.2
108,서울,1955-10-03,14.1,23.9
108,서울,1955-10-04,11.4,25.2
108,서울,1955-10-05,12.6,24.2
108,서울,1955-10-06,13.1,16.1
108,서울,1955-10-07,5,13.6
108,서울,1955-10-08,1.3,15.2
108,서울,1955-10-09,3.6,18.9
108,서울,1955-10-10,8.8,19.4
108,서울,1955-10-11,5.7,20.2
108,서울,1955-10-12,5,21.3
108,서울,1955-10-13,9.8,14.3
108,서울,1955-10-14,10.1,15.9
108,서울,1955-10-15,9.9,17.9
108,서울,1955-10-16,7.3,19.4
108,서울,1955-10-17,9.9,17.2
108,서울,1955-10-18,7.8,16.1
108,서울,1955-10-19,3.7,17.8
108,서울,1955-10-20,5.8,15.1
108,서울,1955-10-21,5.1,13.8
108,서울,1955-10-22,2.2,15.2
108,서울,1955-10-23,4.2,16.7
108,서울,1955-10-24,5.9,19.7
108,서울,1955-10-25,8.1,19.2
108,서울,1955-10-26,9.4,21
108,서울,1955-10-27,7.7,19.9
108,서울,1955-10-28,11.4,16.1
108,서울,1955-10-29,6.7,17.7
108,서울,1955-10-30,1.7,10.3
108,서울,1955-10-31,1.4,14.7
108,서울,1955-11-01,4.3,17.3
108,서울,1955-11-02,3.2,11.9
108,서울,1955-11-03,3.4,12.2
108,서울,1955-11-04,2.6,12.7
108,서울,1955-11-05,.5,10.1
108,서울,1955-11-06,-1.6,5.1
108,서울,1955-11-07,-2.6,5.8
108,서울,1955-11-08,-2.5,6.6
108,서울,1955-11-09,-2.8,4.9
108,서울,1955-11-10,-3.3,8.9
108,서울,1955-11-11,-1.5,11.9
108,서울,1955-11-12,4.1,14.1
108,서울,1955-11-13,4.8,16.8
108,서울,1955-11-14,3.1,18.3
108,서울,1955-11-15,3.7,13.6
108,서울,1955-11-16,-2.8,3.7
108,서울,1955-11-17,-4.1,8.9
108,서울,1955-11-18,-.8,10.9
108,서울,1955-11-19,-.2,10.7
108,서울,1955-11-20,1.3,10.9
108,서울,1955-11-21,5.7,8.5
108,서울,1955-11-22,3.7,9.5
108,서울,1955-11-23,1.2,8.3
108,서울,1955-11-24,-.9,11.4
108,서울,1955-11-25,4.9,14
108,서울,1955-11-26,1.6,12.6
108,서울,1955-11-27,5.3,13.5
108,서울,1955-11-28,2.7,9.2
108,서울,1955-11-29,2.9,9.4
108,서울,1955-11-30,1.4,9
108,서울,1955-12-01,-2.4,7.8
108,서울,1955-12-02,-4.5,6.9
108,서울,1955-12-03,-1.7,9.8
108,서울,1955-12-04,.7,10.6
108,서울,1955-12-05,.6,12.9
108,서울,1955-12-06,-3.5,2.7
108,서울,1955-12-07,-4.2,1.3
108,서울,1955-12-08,-4.5,2.8
108,서울,1955-12-09,-5.4,4.9
108,서울,1955-12-10,-2.1,5.4
108,서울,1955-12-11,4,12.6
108,서울,1955-12-12,-.3,10.7
108,서울,1955-12-13,2.9,10.1
108,서울,1955-12-14,3.6,8.7
108,서울,1955-12-15,-3,8.6
108,서울,1955-12-16,-5.8,.3
108,서울,1955-12-17,-9.7,-3.1
108,서울,1955-12-18,-7.5,2.1
108,서울,1955-12-19,-4.5,8
108,서울,1955-12-20,-.5,2.6
108,서울,1955-12-21,-7.2,.6
108,서울,1955-12-22,-9.7,-1.3
108,서울,1955-12-23,-4.3,5.4
108,서울,1955-12-24,-.5,1.4
108,서울,1955-12-25,-2,7.6
108,서울,1955-12-26,1.1,7.8
108,서울,1955-12-27,.2,9.1
108,서울,1955-12-28,-4.7,2.9
108,서울,1955-12-29,-7.8,-2.2
108,서울,1955-12-30,-9.5,-3.5
108,서울,1955-12-31,-9.2,-2.9
108,서울,1956-01-01,-10.1,-.8
108,서울,1956-01-02,-9.7,1
108,서울,1956-01-03,-8.5,5.7
108,서울,1956-01-04,-3,8.7
108,서울,1956-01-05,-3.1,1.8
108,서울,1956-01-06,-10.1,-2.8
108,서울,1956-01-07,-13.8,-8.3
108,서울,1956-01-08,-15,-7.5
108,서울,1956-01-09,-15.7,-6.9
108,서울,1956-01-10,-14.3,-.5
108,서울,1956-01-11,-7.9,-1.8
108,서울,1956-01-12,-7.5,3.5
108,서울,1956-01-13,-6.8,2.9
108,서울,1956-01-14,-9.8,.3
108,서울,1956-01-15,-6.8,.9
108,서울,1956-01-16,-11.1,1.3
108,서울,1956-01-17,-3,6.4
108,서울,1956-01-18,-2.9,4.6
108,서울,1956-01-19,-6.9,.7
108,서울,1956-01-20,-6.1,1.2
108,서울,1956-01-21,-3.1,-.1
108,서울,1956-01-22,-11.1,-.9
108,서울,1956-01-23,-13.4,-4.9
108,서울,1956-01-24,-12.9,-3.2
108,서울,1956-01-25,-12,-4.3
108,서울,1956-01-26,-9.4,-1.1
108,서울,1956-01-27,-5.6,3.9
108,서울,1956-01-28,-6.1,1.4
108,서울,1956-01-29,-8.7,3.5
108,서울,1956-01-30,-2.3,6.7
108,서울,1956-01-31,-8,1.9
108,서울,1956-02-01,-10.9,-1.3
108,서울,1956-02-02,-10,2.1
108,서울,1956-02-03,-8.6,4.3
108,서울,1956-02-04,-3,5.1
108,서울,1956-02-05,-6.7,1.3
108,서울,1956-02-06,-4.5,6
108,서울,1956-02-07,-2.8,3.9
108,서울,1956-02-08,-10.5,.3
108,서울,1956-02-09,-12.6,-3.9
108,서울,1956-02-10,-12.4,-2.9
108,서울,1956-02-11,-10.6,-2.3
108,서울,1956-02-12,-9.4,1.3
108,서울,1956-02-13,-9.1,4
108,서울,1956-02-14,-3.9,5.3
108,서울,1956-02-15,-5.9,3.4
108,서울,1956-02-16,-11.6,-5.3
108,서울,1956-02-17,-13.1,-5.9
108,서울,1956-02-18,-12.7,-2.2
108,서울,1956-02-19,-9.8,-.4
108,서울,1956-02-20,-8.6,0
108,서울,1956-02-21,-11,-2
108,서울,1956-02-22,-9.6,.7
108,서울,1956-02-23,-5.1,4.1
108,서울,1956-02-24,-8.6,2.9
108,서울,1956-02-25,-8.8,6.5
108,서울,1956-02-26,-.9,7.2
108,서울,1956-02-27,.4,6
108,서울,1956-02-28,-3.2,1.1
108,서울,1956-02-29,-5.1,.1
108,서울,1956-03-01,-5.3,1.5
108,서울,1956-03-02,-7.5,2.8
108,서울,1956-03-03,-2.2,1.1
108,서울,1956-03-04,-4.2,4.8
108,서울,1956-03-05,-1.9,8.4
108,서울,1956-03-06,-.7,4.1
108,서울,1956-03-07,-3.6,.9
108,서울,1956-03-08,-6.9,.3
108,서울,1956-03-09,-6.8,2.1
108,서울,1956-03-10,-5.5,2.7
108,서울,1956-03-11,-6.4,-.3
108,서울,1956-03-12,-8.5,-.3
108,서울,1956-03-13,-4.1,8.8
108,서울,1956-03-14,-.2,11.2
108,서울,1956-03-15,7.7,14.9
108,서울,1956-03-16,3.1,14.5
108,서울,1956-03-17,2.2,8.5
108,서울,1956-03-18,2.6,8.1
108,서울,1956-03-19,1.5,9.8
108,서울,1956-03-20,1,10.5
108,서울,1956-03-21,.3,9.7
108,서울,1956-03-22,5.6,15.6
108,서울,1956-03-23,9.6,12.1
108,서울,1956-03-24,7.5,11.9
108,서울,1956-03-25,-.1,7.5
108,서울,1956-03-26,.1,7.1
108,서울,1956-03-27,1.1,12.7
108,서울,1956-03-28,2.3,12.5
108,서울,1956-03-29,5.6,15.7
108,서울,1956-03-30,3.1,11.7
108,서울,1956-03-31,.5,15.8
108,서울,1956-04-01,3.7,8.9
108,서울,1956-04-02,1.4,5.5
108,서울,1956-04-03,2.4,8.8
108,서울,1956-04-04,2.2,11.3
108,서울,1956-04-05,2.3,13.3
108,서울,1956-04-06,2.9,10.4
108,서울,1956-04-07,4.8,9.5
108,서울,1956-04-08,4.8,11.1
108,서울,1956-04-09,1.9,14.1
108,서울,1956-04-10,4.9,12.9
108,서울,1956-04-11,3.7,14
108,서울,1956-04-12,7.1,13.9
108,서울,1956-04-13,6.4,19.4
108,서울,1956-04-14,11.7,18.2
108,서울,1956-04-15,11.1,21.4
108,서울,1956-04-16,7.9,15.3
108,서울,1956-04-17,4.6,14.3
108,서울,1956-04-18,6.2,13.5
108,서울,1956-04-19,8.1,13.4
108,서울,1956-04-20,5.5,16.3
108,서울,1956-04-21,4.7,21.4
108,서울,1956-04-22,8.5,21.4
108,서울,1956-04-23,6.9,17.7
108,서울,1956-04-24,4.1,16.7
108,서울,1956-04-25,7.3,17.6
108,서울,1956-04-26,6.9,14.1
108,서울,1956-04-27,3.6,14
108,서울,1956-04-28,3.8,14.5
108,서울,1956-04-29,3.3,16.1
108,서울,1956-04-30,5.1,18.4
108,서울,1956-05-01,7.4,20.7
108,서울,1956-05-02,6.3,15.3
108,서울,1956-05-03,7.1,21.5
108,서울,1956-05-04,9.1,26.7
108,서울,1956-05-05,7.6,22.5
108,서울,1956-05-06,7.6,17.8
108,서울,1956-05-07,9.8,17
108,서울,1956-05-08,7.4,22.5
108,서울,1956-05-09,9,22.1
108,서울,1956-05-10,9.4,14.6
108,서울,1956-05-11,8.5,16.5
108,서울,1956-05-12,7.7,18.7
108,서울,1956-05-13,9.1,20.1
108,서울,1956-05-14,8.3,21.7
108,서울,1956-05-15,9.8,22.3
108,서울,1956-05-16,10.3,22.9
108,서울,1956-05-17,9.8,20.1
108,서울,1956-05-18,10.6,25
108,서울,1956-05-19,10.1,20
108,서울,1956-05-20,13,26.2
108,서울,1956-05-21,14.1,24.4
108,서울,1956-05-22,14.7,25.6
108,서울,1956-05-23,14.1,22.3
108,서울,1956-05-24,13.2,24.8
108,서울,1956-05-25,11.7,16.4
108,서울,1956-05-26,11.9,19.5
108,서울,1956-05-27,12.9,22.7
108,서울,1956-05-28,12.1,26.4
108,서울,1956-05-29,14.4,24.1
108,서울,1956-05-30,14.3,21.5
108,서울,1956-05-31,12.5,24.6
108,서울,1956-06-01,16.2,27.8
108,서울,1956-06-02,17.4,31.3
108,서울,1956-06-03,18.8,30.6
108,서울,1956-06-04,18,25.5
108,서울,1956-06-05,17,24.4
108,서울,1956-06-06,16.1,25.1
108,서울,1956-06-07,17.2,25.7
108,서울,1956-06-08,15.8,22.3
108,서울,1956-06-09,16.9,28.8
108,서울,1956-06-10,16.7,28.3
108,서울,1956-06-11,14.9,20.9
108,서울,1956-06-12,14.5,23.4
108,서울,1956-06-13,14.2,21.5
108,서울,1956-06-14,16.1,24.9
108,서울,1956-06-15,16.1,29.4
108,서울,1956-06-16,15.5,27.9
108,서울,1956-06-17,15.7,17.9
108,서울,1956-06-18,15.6,23.7
108,서울,1956-06-19,17,24.7
108,서울,1956-06-20,16.9,21.8
108,서울,1956-06-21,16.7,25.3
108,서울,1956-06-22,17,20.7
108,서울,1956-06-23,14.3,21
108,서울,1956-06-24,12.4,24.9
108,서울,1956-06-25,15.2,21.3
108,서울,1956-06-26,13.7,17.4
108,서울,1956-06-27,13.1,19.5
108,서울,1956-06-28,14.4,26.5
108,서울,1956-06-29,16.6,28.3
108,서울,1956-06-30,19.6,27.9
108,서울,1956-07-01,20.4,29.7
108,서울,1956-07-02,19.4,26.5
108,서울,1956-07-03,17.6,27.9
108,서울,1956-07-04,19.1,24.1
108,서울,1956-07-05,19.3,22.4
108,서울,1956-07-06,18.7,28.1
108,서울,1956-07-07,17.5,27.4
108,서울,1956-07-08,17.8,28.1
108,서울,1956-07-09,18.5,26.1
108,서울,1956-07-10,21.3,28.2
108,서울,1956-07-11,22.4,29.7
108,서울,1956-07-12,21.9,31
108,서울,1956-07-13,22.1,25.3
108,서울,1956-07-14,21.7,23.8
108,서울,1956-07-15,21.4,24.5
108,서울,1956-07-16,19.7,23.7
108,서울,1956-07-17,19.5,30
108,서울,1956-07-18,21,23.3
108,서울,1956-07-19,21.5,26.7
108,서울,1956-07-20,22.8,30.3
108,서울,1956-07-21,24.1,30.7
108,서울,1956-07-22,24.7,29.3
108,서울,1956-07-23,22.1,26.7
108,서울,1956-07-24,21.8,27.7
108,서울,1956-07-25,23.9,30.8
108,서울,1956-07-26,22.8,26.7
108,서울,1956-07-27,24.9,31.7
108,서울,1956-07-28,23.9,28
108,서울,1956-07-29,24.2,33
108,서울,1956-07-30,24.7,33.9
108,서울,1956-07-31,25.5,34.7
108,서울,1956-08-01,25.5,34.9
108,서울,1956-08-02,26.4,35
108,서울,1956-08-03,26.3,34.4
108,서울,1956-08-04,25.2,32.7
108,서울,1956-08-05,24.4,31.2
108,서울,1956-08-06,23.9,28.9
108,서울,1956-08-07,24.2,28.4
108,서울,1956-08-08,23.8,30.6
108,서울,1956-08-09,24.4,32.2
108,서울,1956-08-10,23.9,33.7
108,서울,1956-08-11,22.7,32.7
108,서울,1956-08-12,23.4,32.6
108,서울,1956-08-13,22.3,30.3
108,서울,1956-08-14,21.8,32.1
108,서울,1956-08-15,21.9,30.5
108,서울,1956-08-16,22.5,29.5
108,서울,1956-08-17,17.9,27.3
108,서울,1956-08-18,15.5,27.6
108,서울,1956-08-19,17.3,29.6
108,서울,1956-08-20,19.4,28.7
108,서울,1956-08-21,17.5,29.1
108,서울,1956-08-22,19.4,29.2
108,서울,1956-08-23,17.3,22.7
108,서울,1956-08-24,16.7,25.5
108,서울,1956-08-25,16.7,27.3
108,서울,1956-08-26,19.8,27.9
108,서울,1956-08-27,18.8,26.8
108,서울,1956-08-28,18.8,26.8
108,서울,1956-08-29,19.3,29.3
108,서울,1956-08-30,18.3,30.3
108,서울,1956-08-31,18.5,25.3
108,서울,1956-09-01,20,24.2
108,서울,1956-09-02,19.9,30.2
108,서울,1956-09-03,21.7,30.3
108,서울,1956-09-04,21.2,27.5
108,서울,1956-09-05,23.9,29.5
108,서울,1956-09-06,18.7,26.1
108,서울,1956-09-07,17.7,27.3
108,서울,1956-09-08,17.4,28.6
108,서울,1956-09-09,16.7,18.7
108,서울,1956-09-10,16.1,24.9
108,서울,1956-09-11,15.6,24.6
108,서울,1956-09-12,18.5,26.5
108,서울,1956-09-13,17.3,26.6
108,서울,1956-09-14,16.9,28.6
108,서울,1956-09-15,17.6,22.8
108,서울,1956-09-16,16.3,27
108,서울,1956-09-17,15.9,27.7
108,서울,1956-09-18,15.7,27.7
108,서울,1956-09-19,15.9,20.7
108,서울,1956-09-20,14.3,26.9
108,서울,1956-09-21,16.6,20.7
108,서울,1956-09-22,16.3,28.6
108,서울,1956-09-23,17.4,29.6
108,서울,1956-09-24,17.7,26.1
108,서울,1956-09-25,11.4,20.9
108,서울,1956-09-26,9.1,19.5
108,서울,1956-09-27,7.5,20.3
108,서울,1956-09-28,8.1,23.4
108,서울,1956-09-29,11.4,24.5
108,서울,1956-09-30,10.6,24.5
108,서울,1956-10-01,12.8,24.9
108,서울,1956-10-02,7.8,22.8
108,서울,1956-10-03,4.4,18.8
108,서울,1956-10-04,6.2,19.5
108,서울,1956-10-05,9.2,22.8
108,서울,1956-10-06,13,22.1
108,서울,1956-10-07,14.4,23.9
108,서울,1956-10-08,13.7,17.3
108,서울,1956-10-09,13.9,22.7
108,서울,1956-10-10,11.9,19.2
108,서울,1956-10-11,4.3,12.2
108,서울,1956-10-12,2.5,18.6
108,서울,1956-10-13,8.7,20.2
108,서울,1956-10-14,7.7,20.4
108,서울,1956-10-15,9,20.7
108,서울,1956-10-16,8.9,21.1
108,서울,1956-10-17,7.8,20.4
108,서울,1956-10-18,7.7,21.7
108,서울,1956-10-19,1.9,14.9
108,서울,1956-10-20,-1.1,13.4
108,서울,1956-10-21,4.2,16.3
108,서울,1956-10-22,3.1,20.4
108,서울,1956-10-23,8.1,18.1
108,서울,1956-10-24,5.1,15.7
108,서울,1956-10-25,3.7,15.2
108,서울,1956-10-26,1.9,16.7
108,서울,1956-10-27,5.2,21.2
108,서울,1956-10-28,6.4,22.8
108,서울,1956-10-29,9.1,21.9
108,서울,1956-10-30,8,16.7
108,서울,1956-10-31,3.9,14.1
108,서울,1956-11-01,4.1,17.7
108,서울,1956-11-02,8.9,20.6
108,서울,1956-11-03,4.1,19.5
108,서울,1956-11-04,.9,12.4
108,서울,1956-11-05,2.7,13.8
108,서울,1956-11-06,.1,8.9
108,서울,1956-11-07,-2.7,9.9
108,서울,1956-11-08,3.9,17.2
108,서울,1956-11-09,7.1,19.1
108,서울,1956-11-10,7,14.3
108,서울,1956-11-11,1,10.5
108,서울,1956-11-12,-1.7,5.3
108,서울,1956-11-13,1.2,12
108,서울,1956-11-14,-2.2,10.5
108,서울,1956-11-15,-5,1.9
108,서울,1956-11-16,-7.9,-.2
108,서울,1956-11-17,-7.5,3.5
108,서울,1956-11-18,-1.5,10.7
108,서울,1956-11-19,.3,9.2
108,서울,1956-11-20,-2.6,6.8
108,서울,1956-11-21,-2.9,5.1
108,서울,1956-11-22,-3.9,3.4
108,서울,1956-11-23,-4.9,2
108,서울,1956-11-24,-7.3,1.5
108,서울,1956-11-25,-7.8,4.8
108,서울,1956-11-26,-1.9,8.9
108,서울,1956-11-27,-6.8,.5
108,서울,1956-11-28,-8.8,3.3
108,서울,1956-11-29,-7,.3
108,서울,1956-11-30,-8.6,-.8
108,서울,1956-12-01,-5.5,-.7
108,서울,1956-12-02,-2,7.5
108,서울,1956-12-03,-1.8,8.9
108,서울,1956-12-04,-7,7.4
108,서울,1956-12-05,-9.7,-3.7
108,서울,1956-12-06,-7.9,-1.3
108,서울,1956-12-07,-9.5,1.3
108,서울,1956-12-08,-12.4,-4.8
108,서울,1956-12-09,-14.1,-8
108,서울,1956-12-10,-15,-8.3
108,서울,1956-12-11,-14.1,-4.1
108,서울,1956-12-12,-12.2,-1.3
108,서울,1956-12-13,-11.3,-2.7
108,서울,1956-12-14,-13.1,-6.9
108,서울,1956-12-15,-13.5,-6.2
108,서울,1956-12-16,-13.3,-.9
108,서울,1956-12-17,-8.2,-2.8
108,서울,1956-12-18,-11.1,-2.1
108,서울,1956-12-19,-8.7,-2.9
108,서울,1956-12-20,-11.6,-.5
108,서울,1956-12-21,-13,-4.2
108,서울,1956-12-22,-14.4,-8.3
108,서울,1956-12-23,-15.1,-6.6
108,서울,1956-12-24,-14.7,-5.5
108,서울,1956-12-25,-14.2,-3.9
108,서울,1956-12-26,-11.1,1
108,서울,1956-12-27,-4.7,1
108,서울,1956-12-28,-2.4,4
108,서울,1956-12-29,-4.5,7.8
108,서울,1956-12-30,-.9,6.3
108,서울,1956-12-31,.5,6.2
108,서울,1957-01-01,-2.8,6.6
108,서울,1957-01-02,1.5,6.3
108,서울,1957-01-03,-1.6,5.1
108,서울,1957-01-04,-3.7,3.2
108,서울,1957-01-05,-5.8,1.4
108,서울,1957-01-06,-10.2,-3.3
108,서울,1957-01-07,-12.3,-2.3
108,서울,1957-01-08,-11,.5
108,서울,1957-01-09,-6.4,1.2
108,서울,1957-01-10,-3.8,1.6
108,서울,1957-01-11,-8.2,.7
108,서울,1957-01-12,-14.2,-6.9
108,서울,1957-01-13,-14.1,-.7
108,서울,1957-01-14,-4.1,1.5
108,서울,1957-01-15,-6.2,-.1
108,서울,1957-01-16,-9.5,-.7
108,서울,1957-01-17,-11.3,-.7
108,서울,1957-01-18,-7.9,-1.3
108,서울,1957-01-19,-11.8,-1.8
108,서울,1957-01-20,-12.2,-3.1
108,서울,1957-01-21,-13.1,-4.7
108,서울,1957-01-22,-14.5,-.5
108,서울,1957-01-23,-11.1,.5
108,서울,1957-01-24,-2.4,4.6
108,서울,1957-01-25,-5.5,5.8
108,서울,1957-01-26,-1.1,2.8
108,서울,1957-01-27,-4.2,.7
108,서울,1957-01-28,-6.3,3.3
108,서울,1957-01-29,-1.8,3.4
108,서울,1957-01-30,-8.3,-1.5
108,서울,1957-01-31,-11.9,-6.4
108,서울,1957-02-01,-12.3,-4.5
108,서울,1957-02-02,-10.4,1.6
108,서울,1957-02-03,-1.1,5.4
108,서울,1957-02-04,-.3,5.5
108,서울,1957-02-05,-2.2,6.2
108,서울,1957-02-06,-.9,2.9
108,서울,1957-02-07,-1.6,3.4
108,서울,1957-02-08,-3.8,4.1
108,서울,1957-02-09,-14,-3.6
108,서울,1957-02-10,-15.8,-10.3
108,서울,1957-02-11,-17.3,-7.2
108,서울,1957-02-12,-14.1,-4.4
108,서울,1957-02-13,-13.8,-2.5
108,서울,1957-02-14,-8.3,.9
108,서울,1957-02-15,-9.6,-.1
108,서울,1957-02-16,-11.4,-4.2
108,서울,1957-02-17,-11.7,-2.8
108,서울,1957-02-18,-10.3,-2.3
108,서울,1957-02-19,-13.4,-3.8
108,서울,1957-02-20,-9.2,0
108,서울,1957-02-21,-5.7,1.4
108,서울,1957-02-22,-7.3,3.7
108,서울,1957-02-23,-7.5,0
108,서울,1957-02-24,-9.5,.1
108,서울,1957-02-25,-4.9,1.2
108,서울,1957-02-26,-6.8,1.7
108,서울,1957-02-27,-7.5,.8
108,서울,1957-02-28,-6.3,2.3
108,서울,1957-03-01,-7.8,4.9
108,서울,1957-03-02,-1.8,10.6
108,서울,1957-03-03,1.6,5.1
108,서울,1957-03-04,-4.5,1.8
108,서울,1957-03-05,-6,.8
108,서울,1957-03-06,-6.7,1.4
108,서울,1957-03-07,-5.2,4.5
108,서울,1957-03-08,-2.7,2.9
108,서울,1957-03-09,-5.6,-1.8
108,서울,1957-03-10,-7,-1.1
108,서울,1957-03-11,-7.1,1
108,서울,1957-03-12,-9.4,-1.2
108,서울,1957-03-13,-9.5,-.6
108,서울,1957-03-14,-8.7,.6
108,서울,1957-03-15,-7.9,4.4
108,서울,1957-03-16,-3.8,4.9
108,서울,1957-03-17,-.1,6.5
108,서울,1957-03-18,-.2,7.9
108,서울,1957-03-19,-1,9.8
108,서울,1957-03-20,-3.2,9
108,서울,1957-03-21,-2.3,7.5
108,서울,1957-03-22,-4.3,5.7
108,서울,1957-03-23,-1.3,5.8
108,서울,1957-03-24,-2.3,4.2
108,서울,1957-03-25,-3,3.5
108,서울,1957-03-26,-2.9,3.5
108,서울,1957-03-27,-4.1,6.4
108,서울,1957-03-28,-.5,7.9
108,서울,1957-03-29,.6,13.8
108,서울,1957-03-30,0,9.5
108,서울,1957-03-31,-2.1,6.4
108,서울,1957-04-01,-2.7,6.9
108,서울,1957-04-02,-2,8.6
108,서울,1957-04-03,-1.8,10.6
108,서울,1957-04-04,-.8,13
108,서울,1957-04-05,3.5,15
108,서울,1957-04-06,2.1,17.7
108,서울,1957-04-07,4.4,20.5
108,서울,1957-04-08,5.6,22.2
108,서울,1957-04-09,6.7,19.8
108,서울,1957-04-10,2.8,6.5
108,서울,1957-04-11,3.2,5.8
108,서울,1957-04-12,3.1,10.9
108,서울,1957-04-13,1.3,14.9
108,서울,1957-04-14,3.8,10.9
108,서울,1957-04-15,.8,13.1
108,서울,1957-04-16,3.6,15.5
108,서울,1957-04-17,2.7,19.5
108,서울,1957-04-18,5.7,20.4
108,서울,1957-04-19,10.5,15.1
108,서울,1957-04-20,8.5,17.8
108,서울,1957-04-21,7.5,23.3
108,서울,1957-04-22,13.8,21.2
108,서울,1957-04-23,13.3,19.2
108,서울,1957-04-24,15.2,23.9
108,서울,1957-04-25,9.1,17.6
108,서울,1957-04-26,6.5,18
108,서울,1957-04-27,8.3,21.7
108,서울,1957-04-28,8,22.7
108,서울,1957-04-29,8.7,26.3
108,서울,1957-04-30,9.8,18.7
108,서울,1957-05-01,8,22.1
108,서울,1957-05-02,12.4,23.3
108,서울,1957-05-03,11,20.3
108,서울,1957-05-04,11.4,20.9
108,서울,1957-05-05,10.4,20.5
108,서울,1957-05-06,9.3,19.6
108,서울,1957-05-07,10.8,22.6
108,서울,1957-05-08,10.3,21.5
108,서울,1957-05-09,10,24.1
108,서울,1957-05-10,9.9,26.8
108,서울,1957-05-11,15.6,23
108,서울,1957-05-12,9,18.2
108,서울,1957-05-13,8,16.6
108,서울,1957-05-14,8.6,24.3
108,서울,1957-05-15,11,27.6
108,서울,1957-05-16,11.2,27.6
108,서울,1957-05-17,11.3,23.9
108,서울,1957-05-18,13.7,22.5
108,서울,1957-05-19,14.2,25.5
108,서울,1957-05-20,12.1,20.4
108,서울,1957-05-21,10.9,26.1
108,서울,1957-05-22,12.7,29.2
108,서울,1957-05-23,13.4,29.8
108,서울,1957-05-24,12.2,20.1
108,서울,1957-05-25,12.5,25.2
108,서울,1957-05-26,13.5,26.7
108,서울,1957-05-27,15.3,26.9
108,서울,1957-05-28,14.9,24.2
108,서울,1957-05-29,14.7,24.7
108,서울,1957-05-30,13.4,26.8
108,서울,1957-05-31,12.8,21.8
108,서울,1957-06-01,12.8,26.1
108,서울,1957-06-02,12.4,22.9
108,서울,1957-06-03,12.7,25.3
108,서울,1957-06-04,12.6,25.9
108,서울,1957-06-05,16.6,20.3
108,서울,1957-06-06,13.7,18.8
108,서울,1957-06-07,11.8,25.8
108,서울,1957-06-08,11.8,25.5
108,서울,1957-06-09,13.9,27.7
108,서울,1957-06-10,15.6,26.6
108,서울,1957-06-11,15.9,25.7
108,서울,1957-06-12,17.5,26
108,서울,1957-06-13,17.6,26.4
108,서울,1957-06-14,16.6,27.8
108,서울,1957-06-15,17.6,28.3
108,서울,1957-06-16,19.1,26.1
108,서울,1957-06-17,18.7,28.5
108,서울,1957-06-18,17.9,26.5
108,서울,1957-06-19,17.6,20.4
108,서울,1957-06-20,18.4,22.8
108,서울,1957-06-21,17.3,24.3
108,서울,1957-06-22,17.2,24.6
108,서울,1957-06-23,16,25.2
108,서울,1957-06-24,14.3,27.5
108,서울,1957-06-25,16.2,27.5
108,서울,1957-06-26,18,23.1
108,서울,1957-06-27,16.9,29.8
108,서울,1957-06-28,16.9,31.4
108,서울,1957-06-29,18,29.5
108,서울,1957-06-30,17.9,32.5
108,서울,1957-07-01,18.2,30.7
108,서울,1957-07-02,19.5,26.3
108,서울,1957-07-03,18.2,22.4
108,서울,1957-07-04,18.7,25.6
108,서울,1957-07-05,18,25.9
108,서울,1957-07-06,18.8,30.7
108,서울,1957-07-07,19.9,22.3
108,서울,1957-07-08,18.3,23.1
108,서울,1957-07-09,18.3,21.6
108,서울,1957-07-10,17.8,25.4
108,서울,1957-07-11,20.7,25.7
108,서울,1957-07-12,19.9,23.9
108,서울,1957-07-13,20.5,24.5
108,서울,1957-07-14,19.5,26.4
108,서울,1957-07-15,20.2,24.7
108,서울,1957-07-16,21.9,25.2
108,서울,1957-07-17,22.9,25.9
108,서울,1957-07-18,21.5,28.7
108,서울,1957-07-19,20.3,23
108,서울,1957-07-20,19.8,22.6
108,서울,1957-07-21,19.9,25.7
108,서울,1957-07-22,19.8,28.6
108,서울,1957-07-23,18.1,28.1
108,서울,1957-07-24,19.6,31
108,서울,1957-07-25,21.6,28
108,서울,1957-07-26,21.5,29.7
108,서울,1957-07-27,21.2,25.9
108,서울,1957-07-28,19.8,29.2
108,서울,1957-07-29,21.3,28.7
108,서울,1957-07-30,21.4,28.8
108,서울,1957-07-31,20,26
108,서울,1957-08-01,19.6,29.1
108,서울,1957-08-02,20.3,24.5
108,서울,1957-08-03,19.6,24.9
108,서울,1957-08-04,20.3,25.5
108,서울,1957-08-05,19.4,28.1
108,서울,1957-08-06,20.5,29.7
108,서울,1957-08-07,19.9,30.1
108,서울,1957-08-08,21.1,29.3
108,서울,1957-08-09,21.6,30.9
108,서울,1957-08-10,21.4,33.5
108,서울,1957-08-11,21.7,33.5
108,서울,1957-08-12,19.7,25.7
108,서울,1957-08-13,19.3,30.3
108,서울,1957-08-14,21,31.7
108,서울,1957-08-15,21.5,30.2
108,서울,1957-08-16,22.9,31.8
108,서울,1957-08-17,23.3,30.7
108,서울,1957-08-18,21.1,32.1
108,서울,1957-08-19,23.7,31.3
108,서울,1957-08-20,22.8,25.4
108,서울,1957-08-21,21.6,28.9
108,서울,1957-08-22,21.2,28.5
108,서울,1957-08-23,20.5,28.3
108,서울,1957-08-24,22.1,30
108,서울,1957-08-25,22.6,32.1
108,서울,1957-08-26,23.7,30.1
108,서울,1957-08-27,22.6,26.2
108,서울,1957-08-28,19.3,25.9
108,서울,1957-08-29,16.9,29.3
108,서울,1957-08-30,18.6,22.9
108,서울,1957-08-31,16,25.3
108,서울,1957-09-01,14.1,26.1
108,서울,1957-09-02,15.1,27.8
108,서울,1957-09-03,15.5,29
108,서울,1957-09-04,15.8,28.5
108,서울,1957-09-05,16.4,28.8
108,서울,1957-09-06,18,28.6
108,서울,1957-09-07,15.9,28.4
108,서울,1957-09-08,14.4,26.1
108,서울,1957-09-09,14.3,25.3
108,서울,1957-09-10,12.4,27.3
108,서울,1957-09-11,13.1,27.1
108,서울,1957-09-12,12.5,21.1
108,서울,1957-09-13,11.5,26.5
108,서울,1957-09-14,13.7,27.7
108,서울,1957-09-15,15.1,27.7
108,서울,1957-09-16,15.8,28.8
108,서울,1957-09-17,15.5,25.3
108,서울,1957-09-18,11.5,25.6
108,서울,1957-09-19,13.9,24.2
108,서울,1957-09-20,14.4,24.6
108,서울,1957-09-21,14.4,25.1
108,서울,1957-09-22,15.2,28.5
108,서울,1957-09-23,16.4,27.5
108,서울,1957-09-24,12.9,22.5
108,서울,1957-09-25,11.8,22.8
108,서울,1957-09-26,9.1,20.3
108,서울,1957-09-27,6.6,23.3
108,서울,1957-09-28,8.7,27
108,서울,1957-09-29,11.1,23
108,서울,1957-09-30,8,17.8
108,서울,1957-10-01,5.8,17.8
108,서울,1957-10-02,11.3,22.2
108,서울,1957-10-03,7.9,23.4
108,서울,1957-10-04,10.6,26.4
108,서울,1957-10-05,11.9,27.2
108,서울,1957-10-06,11.9,17.5
108,서울,1957-10-07,11.5,21.5
108,서울,1957-10-08,10.3,23
108,서울,1957-10-09,7.9,17.2
108,서울,1957-10-10,5,17.9
108,서울,1957-10-11,5.7,21.6
108,서울,1957-10-12,8.3,22.1
108,서울,1957-10-13,13.1,22.1
108,서울,1957-10-14,11.2,21.6
108,서울,1957-10-15,11.1,22.8
108,서울,1957-10-16,7,23.3
108,서울,1957-10-17,3.3,11.4
108,서울,1957-10-18,1,11.8
108,서울,1957-10-19,-.4,12.4
108,서울,1957-10-20,6.3,17.1
108,서울,1957-10-21,3.3,17.3
108,서울,1957-10-22,4.5,17.5
108,서울,1957-10-23,6.2,15.2
108,서울,1957-10-24,2.7,15.2
108,서울,1957-10-25,1.7,21.1
108,서울,1957-10-26,7.3,20.4
108,서울,1957-10-27,8.8,20.8
108,서울,1957-10-28,9.2,13.7
108,서울,1957-10-29,7.1,12.2
108,서울,1957-10-30,6.7,11.4
108,서울,1957-10-31,5.3,12.6
108,서울,1957-11-01,2.7,16.1
108,서울,1957-11-02,4.4,16.7
108,서울,1957-11-03,5.6,16.6
108,서울,1957-11-04,8.1,15.3
108,서울,1957-11-05,2.7,15.6
108,서울,1957-11-06,6.9,16.7
108,서울,1957-11-07,4.2,12
108,서울,1957-11-08,1.2,15.3
108,서울,1957-11-09,5.1,17.5
108,서울,1957-11-10,10.6,14.2
108,서울,1957-11-11,2.9,14.9
108,서울,1957-11-12,.8,12.8
108,서울,1957-11-13,6.2,15.6
108,서울,1957-11-14,1.3,15.7
108,서울,1957-11-15,2.2,13.3
108,서울,1957-11-16,2.2,15.6
108,서울,1957-11-17,7,16.5
108,서울,1957-11-18,4.6,15.5
108,서울,1957-11-19,6.5,13.8
108,서울,1957-11-20,5.6,13.9
108,서울,1957-11-21,2,13
108,서울,1957-11-22,1.8,13.8
108,서울,1957-11-23,4.1,17.4
108,서울,1957-11-24,6.9,16.1
108,서울,1957-11-25,5.5,13.7
108,서울,1957-11-26,6.2,16.3
108,서울,1957-11-27,-1.1,8.7
108,서울,1957-11-28,-5,.7
108,서울,1957-11-29,-5.8,1.9
108,서울,1957-11-30,-5.1,4.4
108,서울,1957-12-01,-2.1,4.3
108,서울,1957-12-02,-4.5,3.5
108,서울,1957-12-03,-6.7,4.7
108,서울,1957-12-04,-5.7,9.2
108,서울,1957-12-05,-1.8,5.4
108,서울,1957-12-06,-3.6,4.6
108,서울,1957-12-07,-4.6,5.1
108,서울,1957-12-08,-2.3,4.7
108,서울,1957-12-09,-4.9,1.4
108,서울,1957-12-10,-5.8,2.8
108,서울,1957-12-11,.7,9.6
108,서울,1957-12-12,3.3,7.4
108,서울,1957-12-13,-.4,7
108,서울,1957-12-14,-4.2,1.2
108,서울,1957-12-15,-3.2,4.1
108,서울,1957-12-16,-.1,6.4
108,서울,1957-12-17,-4,8.9
108,서울,1957-12-18,-8.1,-3.7
108,서울,1957-12-19,-7.3,-3.1
108,서울,1957-12-20,-8.3,-1.3
108,서울,1957-12-21,-9.2,.3
108,서울,1957-12-22,-4.5,3.5
108,서울,1957-12-23,-2.7,2.7
108,서울,1957-12-24,-4.3,2.1
108,서울,1957-12-25,.2,3.4
108,서울,1957-12-26,-.8,6.9
108,서울,1957-12-27,-3.9,6.1
108,서울,1957-12-28,-2.3,5.2
108,서울,1957-12-29,-8.4,-1.9
108,서울,1957-12-30,-10.5,-3.7
108,서울,1957-12-31,-10.6,-2.5
108,서울,1958-01-01,-7.6,-.4
108,서울,1958-01-02,-14.1,-1.8
108,서울,1958-01-03,-17.4,-8.8
108,서울,1958-01-04,-10.3,-4.2
108,서울,1958-01-05,-13.3,-1.3
108,서울,1958-01-06,-7.1,3.4
108,서울,1958-01-07,-.4,5.8
108,서울,1958-01-08,-1.4,8.6
108,서울,1958-01-09,-2.4,7.2
108,서울,1958-01-10,-5.8,1.5
108,서울,1958-01-11,-5.1,4
108,서울,1958-01-12,1.1,4.8
108,서울,1958-01-13,-.6,3.8
108,서울,1958-01-14,-4.7,2.5
108,서울,1958-01-15,-17.2,-4.6
108,서울,1958-01-16,-18.2,-12.6
108,서울,1958-01-17,-17.5,-10.4
108,서울,1958-01-18,-17.4,-8.1
108,서울,1958-01-19,-15.7,-4.2
108,서울,1958-01-20,-11.4,-2.5
108,서울,1958-01-21,-10.4,.1
108,서울,1958-01-22,-15.1,-8.6
108,서울,1958-01-23,-17.8,-11.7
108,서울,1958-01-24,-18,-5.8
108,서울,1958-01-25,-10.2,-1.5
108,서울,1958-01-26,-9.5,.4
108,서울,1958-01-27,-13.2,-3.7
108,서울,1958-01-28,-10.7,-1.4
108,서울,1958-01-29,-11.4,-3.1
108,서울,1958-01-30,-14.7,-4.4
108,서울,1958-01-31,-12.8,-2.5
108,서울,1958-02-01,-12.4,-.3
108,서울,1958-02-02,-3.3,4.2
108,서울,1958-02-03,-6.9,2.7
108,서울,1958-02-04,-8,.6
108,서울,1958-02-05,-5.3,4.3
108,서울,1958-02-06,-5,3.1
108,서울,1958-02-07,.4,4.6
108,서울,1958-02-08,-1.6,4.2
108,서울,1958-02-09,-4.2,5.1
108,서울,1958-02-10,-3.3,5.1
108,서울,1958-02-11,-4.1,.9
108,서울,1958-02-12,-6.4,-.2
108,서울,1958-02-13,-9.1,-1.9
108,서울,1958-02-14,-9.6,2
108,서울,1958-02-15,-5,5.2
108,서울,1958-02-16,-4.4,4.8
108,서울,1958-02-17,-3.7,2
108,서울,1958-02-18,-3.5,4.3
108,서울,1958-02-19,-5.8,1.7
108,서울,1958-02-20,-6,3.5
108,서울,1958-02-21,-1.3,6.6
108,서울,1958-02-22,0,14.1
108,서울,1958-02-23,0,4.5
108,서울,1958-02-24,-.9,7.1
108,서울,1958-02-25,-.4,11.4
108,서울,1958-02-26,-4.3,4.1
108,서울,1958-02-27,-7.6,-1.4
108,서울,1958-02-28,-9.8,-.6
108,서울,1958-03-01,-6.5,3.9
108,서울,1958-03-02,-10.1,-4.1
108,서울,1958-03-03,-11.2,-1.7
108,서울,1958-03-04,-6.4,7.6
108,서울,1958-03-05,.6,9.3
108,서울,1958-03-06,.1,7.7
108,서울,1958-03-07,-2.9,2.4
108,서울,1958-03-08,-4.3,7.9
108,서울,1958-03-09,-.8,11.3
108,서울,1958-03-10,4.2,14.4
108,서울,1958-03-11,3.9,15.1
108,서울,1958-03-12,.5,16.7
108,서울,1958-03-13,3.5,14.5
108,서울,1958-03-14,-1.2,6.4
108,서울,1958-03-15,2.5,14.2
108,서울,1958-03-16,1.4,15
108,서울,1958-03-17,1.5,8.3
108,서울,1958-03-18,.1,4.1
108,서울,1958-03-19,.5,9.9
108,서울,1958-03-20,3.1,11.3
108,서울,1958-03-21,3.7,15.2
108,서울,1958-03-22,3.5,18.7
108,서울,1958-03-23,1.9,15.3
108,서울,1958-03-24,3.7,21.5
108,서울,1958-03-25,7.2,14
108,서울,1958-03-26,-1.8,7.7
108,서울,1958-03-27,-4.7,1.7
108,서울,1958-03-28,-6.4,.2
108,서울,1958-03-29,-6.7,2.2
108,서울,1958-03-30,-5.6,3.7
108,서울,1958-03-31,-3.2,6.5
108,서울,1958-04-01,1.3,14.1
108,서울,1958-04-02,1.4,15.3
108,서울,1958-04-03,4.4,21
108,서울,1958-04-04,7,20.2
108,서울,1958-04-05,5.7,22.3
108,서울,1958-04-06,7.9,19.1
108,서울,1958-04-07,4.4,14.1
108,서울,1958-04-08,5.1,9.9
108,서울,1958-04-09,2.5,11.6
108,서울,1958-04-10,3.8,13.2
108,서울,1958-04-11,3.5,15.7
108,서울,1958-04-12,5.6,13.7
108,서울,1958-04-13,2.9,11.6
108,서울,1958-04-14,2.3,12.5
108,서울,1958-04-15,1.5,16.6
108,서울,1958-04-16,6.3,9.7
108,서울,1958-04-17,6.9,11.2
108,서울,1958-04-18,4.7,16.3
108,서울,1958-04-19,3.7,19.1
108,서울,1958-04-20,9.1,14.2
108,서울,1958-04-21,11.6,14.1
108,서울,1958-04-22,11,23.4
108,서울,1958-04-23,11.9,27.3
108,서울,1958-04-24,10.7,26.3
108,서울,1958-04-25,8.3,12.7
108,서울,1958-04-26,7.5,12.9
108,서울,1958-04-27,7,16.1
108,서울,1958-04-28,5.7,16.7
108,서울,1958-04-29,9.5,18.5
108,서울,1958-04-30,11.8,16
108,서울,1958-05-01,9.4,17.4
108,서울,1958-05-02,7.3,18.4
108,서울,1958-05-03,8.3,21.5
108,서울,1958-05-04,8.6,19.6
108,서울,1958-05-05,8.8,21.5
108,서울,1958-05-06,8.9,25.5
108,서울,1958-05-07,11,24.4
108,서울,1958-05-08,12.3,28.2
108,서울,1958-05-09,15.8,27.2
108,서울,1958-05-10,15.1,27.2
108,서울,1958-05-11,10.7,16.5
108,서울,1958-05-12,9.7,19.5
108,서울,1958-05-13,10.2,19.5
108,서울,1958-05-14,10.5,16.2
108,서울,1958-05-15,10.7,17.3
108,서울,1958-05-16,9.8,18.4
108,서울,1958-05-17,8.7,21.5
108,서울,1958-05-18,10.6,25.9
108,서울,1958-05-19,14.5,28.6
108,서울,1958-05-20,14.3,27.3
108,서울,1958-05-21,13.5,27.3
108,서울,1958-05-22,10.4,22.7
108,서울,1958-05-23,8.7,14.6
108,서울,1958-05-24,8.3,15.1
108,서울,1958-05-25,10.3,21.7
108,서울,1958-05-26,10.7,27.5
108,서울,1958-05-27,13,26.3
108,서울,1958-05-28,12.7,27.8
108,서울,1958-05-29,15,29.9
108,서울,1958-05-30,14,27.8
108,서울,1958-05-31,14.5,27
108,서울,1958-06-01,17.7,32.1
108,서울,1958-06-02,17.8,31.6
108,서울,1958-06-03,16,25.3
108,서울,1958-06-04,13.2,28.2
108,서울,1958-06-05,16.4,27.6
108,서울,1958-06-06,15.9,24.1
108,서울,1958-06-07,16.4,21.1
108,서울,1958-06-08,16.4,31
108,서울,1958-06-09,16.9,29.2
108,서울,1958-06-10,18.3,27.3
108,서울,1958-06-11,16.4,24.4
108,서울,1958-06-12,13.9,25.1
108,서울,1958-06-13,18.2,28.6
108,서울,1958-06-14,15.7,26.6
108,서울,1958-06-15,14.6,26.1
108,서울,1958-06-16,14.9,25.7
108,서울,1958-06-17,15.9,25.2
108,서울,1958-06-18,14.7,29.2
108,서울,1958-06-19,15.5,33
108,서울,1958-06-20,19.7,29.2
108,서울,1958-06-21,18.1,31.6
108,서울,1958-06-22,20.4,35.2
108,서울,1958-06-23,21.5,34.4
108,서울,1958-06-24,21.5,37.2
108,서울,1958-06-25,21.3,35.6
108,서울,1958-06-26,20.2,33.2
108,서울,1958-06-27,20.7,23.4
108,서울,1958-06-28,20.6,26.2
108,서울,1958-06-29,19.2,29.6
108,서울,1958-06-30,20.8,32.9
108,서울,1958-07-01,20.1,24.6
108,서울,1958-07-02,19.4,29
108,서울,1958-07-03,20.6,23.7
108,서울,1958-07-04,20,31.3
108,서울,1958-07-05,21.6,23.5
108,서울,1958-07-06,22,29.7
108,서울,1958-07-07,24.1,32
108,서울,1958-07-08,21.3,29.4
108,서울,1958-07-09,19.7,31.5
108,서울,1958-07-10,21.6,33.8
108,서울,1958-07-11,22.8,32.8
108,서울,1958-07-12,23.8,33.3
108,서울,1958-07-13,24.1,33.9
108,서울,1958-07-14,24.7,34.1
108,서울,1958-07-15,23.7,33.1
108,서울,1958-07-16,22.4,32.9
108,서울,1958-07-17,22,32.2
108,서울,1958-07-18,23,32.1
108,서울,1958-07-19,22.5,30.9
108,서울,1958-07-20,23.4,31
108,서울,1958-07-21,23.7,33.5
108,서울,1958-07-22,24.1,34.4
108,서울,1958-07-23,22.3,31.4
108,서울,1958-07-24,22.4,30.5
108,서울,1958-07-25,20,27
108,서울,1958-07-26,22.6,27.5
108,서울,1958-07-27,24.4,28.4
108,서울,1958-07-28,24.9,29
108,서울,1958-07-29,24.4,30.3
108,서울,1958-07-30,25.2,28.5
108,서울,1958-07-31,20.8,30.1
108,서울,1958-08-01,19.9,28.7
108,서울,1958-08-02,19.9,31.1
108,서울,1958-08-03,21.7,31
108,서울,1958-08-04,23.4,31.2
108,서울,1958-08-05,24.9,32.8
108,서울,1958-08-06,24.5,32.6
108,서울,1958-08-07,24.5,33.1
108,서울,1958-08-08,24.5,33.2
108,서울,1958-08-09,24.3,31.7
108,서울,1958-08-10,24.2,32.2
108,서울,1958-08-11,21.9,26.6
108,서울,1958-08-12,21.1,28.7
108,서울,1958-08-13,19.9,27.6
108,서울,1958-08-14,19.7,26.1
108,서울,1958-08-15,18,27.7
108,서울,1958-08-16,19.2,29.3
108,서울,1958-08-17,20.9,26.3
108,서울,1958-08-18,21.7,26.7
108,서울,1958-08-19,21,27.7
108,서울,1958-08-20,18.5,27.6
108,서울,1958-08-21,16.2,26.3
108,서울,1958-08-22,17.3,29.3
108,서울,1958-08-23,18.5,29.8
108,서울,1958-08-24,19.4,29.6
108,서울,1958-08-25,19.4,23.8
108,서울,1958-08-26,17.7,21.3
108,서울,1958-08-27,18,26.7
108,서울,1958-08-28,18.1,25.3
108,서울,1958-08-29,20.1,25.1
108,서울,1958-08-30,19.5,27.8
108,서울,1958-08-31,18.9,24.1
108,서울,1958-09-01,18.1,28.8
108,서울,1958-09-02,18.1,26.6
108,서울,1958-09-03,19.4,25.2
108,서울,1958-09-04,16.4,25.4
108,서울,1958-09-05,17,20.3
108,서울,1958-09-06,17.6,25.5
108,서울,1958-09-07,18.5,27.4
108,서울,1958-09-08,18,25.2
108,서울,1958-09-09,18.3,20.4
108,서울,1958-09-10,17.7,23.2
108,서울,1958-09-11,19.4,26.2
108,서울,1958-09-12,20.9,27.9
108,서울,1958-09-13,19.8,27.9
108,서울,1958-09-14,19.3,27.9
108,서울,1958-09-15,18.5,26.2
108,서울,1958-09-16,16,25.2
108,서울,1958-09-17,17.2,26.4
108,서울,1958-09-18,15.6,24.2
108,서울,1958-09-19,13.9,24.7
108,서울,1958-09-20,12.4,20.6
108,서울,1958-09-21,13.7,23.3
108,서울,1958-09-22,13.6,26.8
108,서울,1958-09-23,14.4,27.4
108,서울,1958-09-24,16,27.5
108,서울,1958-09-25,15,26.3
108,서울,1958-09-26,13.1,25.7
108,서울,1958-09-27,12.2,24
108,서울,1958-09-28,10.5,21.4
108,서울,1958-09-29,6.6,18.6
108,서울,1958-09-30,8,22.7
108,서울,1958-10-01,8.2,17.5
108,서울,1958-10-02,6.6,15.9
108,서울,1958-10-03,8,19.2
108,서울,1958-10-04,9.8,21.5
108,서울,1958-10-05,11.6,22.7
108,서울,1958-10-06,11.4,23.8
108,서울,1958-10-07,10.7,22.3
108,서울,1958-10-08,9.8,23.1
108,서울,1958-10-09,9.7,23.8
108,서울,1958-10-10,10.8,22.6
108,서울,1958-10-11,12.8,18.7
108,서울,1958-10-12,13,25
108,서울,1958-10-13,15.6,22.8
108,서울,1958-10-14,13.8,20
108,서울,1958-10-15,10.4,17.4
108,서울,1958-10-16,8.4,17.8
108,서울,1958-10-17,9.5,15.4
108,서울,1958-10-18,8.8,19.1
108,서울,1958-10-19,7.9,20.6
108,서울,1958-10-20,10.9,18.7
108,서울,1958-10-21,8.9,18.3
108,서울,1958-10-22,3.2,12
108,서울,1958-10-23,1.7,15.9
108,서울,1958-10-24,4.2,16.6
108,서울,1958-10-25,7.8,17.9
108,서울,1958-10-26,.6,7.8
108,서울,1958-10-27,-1.8,10.6
108,서울,1958-10-28,4.3,16.8
108,서울,1958-10-29,3.2,18
108,서울,1958-10-30,5.2,12.3
108,서울,1958-10-31,2.2,16.7
108,서울,1958-11-01,4.9,17.5
108,서울,1958-11-02,6.5,18.9
108,서울,1958-11-03,3.7,18.1
108,서울,1958-11-04,5.7,15.1
108,서울,1958-11-05,6.9,15.4
108,서울,1958-11-06,8.1,13.7
108,서울,1958-11-07,2.5,11.2
108,서울,1958-11-08,-.3,14
108,서울,1958-11-09,4.8,15
108,서울,1958-11-10,8.1,14.2
108,서울,1958-11-11,3.3,11.4
108,서울,1958-11-12,2.2,13
108,서울,1958-11-13,6.5,9.1
108,서울,1958-11-14,6.2,9
108,서울,1958-11-15,4.3,7.8
108,서울,1958-11-16,2.3,9.7
108,서울,1958-11-17,-.1,8.6
108,서울,1958-11-18,.5,7.7
108,서울,1958-11-19,-2.3,4.6
108,서울,1958-11-20,-3.3,7.9
108,서울,1958-11-21,-1.9,7
108,서울,1958-11-22,.1,10.4
108,서울,1958-11-23,.9,10.2
108,서울,1958-11-24,1.8,9.7
108,서울,1958-11-25,2.5,11.3
108,서울,1958-11-26,1.1,11.4
108,서울,1958-11-27,-.1,10.6
108,서울,1958-11-28,-.1,9.7
108,서울,1958-11-29,-1.6,7.1
108,서울,1958-11-30,1,9.4
108,서울,1958-12-01,-1.2,10.7
108,서울,1958-12-02,-.9,9.1
108,서울,1958-12-03,5.1,11.6
108,서울,1958-12-04,1.5,7.9
108,서울,1958-12-05,-2.5,8.2
108,서울,1958-12-06,-3.2,8.1
108,서울,1958-12-07,-.5,9.9
108,서울,1958-12-08,2,9.9
108,서울,1958-12-09,-1.2,6.7
108,서울,1958-12-10,-2.4,5.7
108,서울,1958-12-11,-.4,10.1
108,서울,1958-12-12,-.6,9.5
108,서울,1958-12-13,-2.4,10.6
108,서울,1958-12-14,-2.2,10.1
108,서울,1958-12-15,.4,8.3
108,서울,1958-12-16,-1.2,8.9
108,서울,1958-12-17,-.8,7.4
108,서울,1958-12-18,3,11.6
108,서울,1958-12-19,1.1,6.9
108,서울,1958-12-20,-1.3,4.3
108,서울,1958-12-21,-2.7,8.1
108,서울,1958-12-22,1.7,10.4
108,서울,1958-12-23,4,12.1
108,서울,1958-12-24,.6,12
108,서울,1958-12-25,3.5,9.3
108,서울,1958-12-26,3.5,7.2
108,서울,1958-12-27,-.6,3.9
108,서울,1958-12-28,-2,4
108,서울,1958-12-29,-.2,2.9
108,서울,1958-12-30,1.5,5.2
108,서울,1958-12-31,-2.1,5.3
108,서울,1959-01-01,-5.5,-.1
108,서울,1959-01-02,-8.9,-.4
108,서울,1959-01-03,-9.4,-.8
108,서울,1959-01-04,-17.4,-9.4
108,서울,1959-01-05,-19.8,-13.1
108,서울,1959-01-06,-17.8,-8.3
108,서울,1959-01-07,-13.6,-3.8
108,서울,1959-01-08,-12.2,-1.6
108,서울,1959-01-09,-7.9,1
108,서울,1959-01-10,-11.8,-6.7
108,서울,1959-01-11,-13.8,-3.1
108,서울,1959-01-12,-9.2,1.7
108,서울,1959-01-13,-8.8,-2
108,서울,1959-01-14,-11.7,-.4
108,서울,1959-01-15,-10.2,2.8
108,서울,1959-01-16,-16,-8.5
108,서울,1959-01-17,-18,-11.7
108,서울,1959-01-18,-17.4,-7.6
108,서울,1959-01-19,-13.6,-3.7
108,서울,1959-01-20,-10.9,2.1
108,서울,1959-01-21,-4.2,5.1
108,서울,1959-01-22,-7.2,1.7
108,서울,1959-01-23,-2.5,6.9
108,서울,1959-01-24,-1.6,9.8
108,서울,1959-01-25,-1,5.2
108,서울,1959-01-26,-1.5,5.6
108,서울,1959-01-27,-.7,6.8
108,서울,1959-01-28,-2.9,7.7
108,서울,1959-01-29,-2.3,5
108,서울,1959-01-30,-7.3,-1.6
108,서울,1959-01-31,-8.4,.9
108,서울,1959-02-01,-5.1,3.2
108,서울,1959-02-02,-1,6.6
108,서울,1959-02-03,0,7.3
108,서울,1959-02-04,-2,12.2
108,서울,1959-02-05,0,13.7
108,서울,1959-02-06,.4,13.4
108,서울,1959-02-07,-.4,7.2
108,서울,1959-02-08,-.3,3.4
108,서울,1959-02-09,-4.3,5.3
108,서울,1959-02-10,-6.8,.1
108,서울,1959-02-11,-8,1.8
108,서울,1959-02-12,-7.9,7.8
108,서울,1959-02-13,2,5.2
108,서울,1959-02-14,1.5,3.8
108,서울,1959-02-15,.7,3
108,서울,1959-02-16,2,5.1
108,서울,1959-02-17,2.6,4.4
108,서울,1959-02-18,1.9,8.4
108,서울,1959-02-19,1.1,7.1
108,서울,1959-02-20,1,4.6
108,서울,1959-02-21,-.8,5.3
108,서울,1959-02-22,-3.2,5.4
108,서울,1959-02-23,-2.4,4.8
108,서울,1959-02-24,-3.6,6.5
108,서울,1959-02-25,-2.8,9.8
108,서울,1959-02-26,2,11.3
108,서울,1959-02-27,.4,10
108,서울,1959-02-28,-2.8,10.4
108,서울,1959-03-01,-1,4.2
108,서울,1959-03-02,-2.6,5.1
108,서울,1959-03-03,-4.6,6.5
108,서울,1959-03-04,-3.6,9.4
108,서울,1959-03-05,.6,8
108,서울,1959-03-06,4.7,9
108,서울,1959-03-07,4.1,5.9
108,서울,1959-03-08,3.8,11.5
108,서울,1959-03-09,1,13.7
108,서울,1959-03-10,2.7,8.6
108,서울,1959-03-11,-.6,5
108,서울,1959-03-12,-3.2,2.7
108,서울,1959-03-13,-5,5.2
108,서울,1959-03-14,-3.6,10.2
108,서울,1959-03-15,.1,10.7
108,서울,1959-03-16,.2,11.6
108,서울,1959-03-17,.2,14.3
108,서울,1959-03-18,1.6,15.2
108,서울,1959-03-19,2.4,15.2
108,서울,1959-03-20,5,17.5
108,서울,1959-03-21,6.5,10.5
108,서울,1959-03-22,3.7,10
108,서울,1959-03-23,2,12.6
108,서울,1959-03-24,3.4,14
108,서울,1959-03-25,3.2,12.4
108,서울,1959-03-26,6.3,17.2
108,서울,1959-03-27,5.6,18.2
108,서울,1959-03-28,7.1,12.2
108,서울,1959-03-29,8.6,12.8
108,서울,1959-03-30,5.5,12.6
108,서울,1959-03-31,2.8,13.5
108,서울,1959-04-01,2.7,15.8
108,서울,1959-04-02,3.3,17.8
108,서울,1959-04-03,6,15.1
108,서울,1959-04-04,6.5,13.6
108,서울,1959-04-05,5.3,11.3
108,서울,1959-04-06,3.3,14.3
108,서울,1959-04-07,3.1,14.8
108,서울,1959-04-08,4.4,19.2
108,서울,1959-04-09,7,10
108,서울,1959-04-10,3.8,11.6
108,서울,1959-04-11,2.8,16.1
108,서울,1959-04-12,5.4,14.1
108,서울,1959-04-13,3.6,13.2
108,서울,1959-04-14,2,15.1
108,서울,1959-04-15,2.9,13.3
108,서울,1959-04-16,6.6,11.7
108,서울,1959-04-17,5.4,8.4
108,서울,1959-04-18,5.3,15.4
108,서울,1959-04-19,6.9,21.3
108,서울,1959-04-20,9.5,24.2
108,서울,1959-04-21,10.2,22.9
108,서울,1959-04-22,4.9,13.6
108,서울,1959-04-23,3,13.5
108,서울,1959-04-24,7.7,12.7
108,서울,1959-04-25,5,20.7
108,서울,1959-04-26,10.3,14.5
108,서울,1959-04-27,7.8,17.1
108,서울,1959-04-28,7.5,18.4
108,서울,1959-04-29,7.4,21
108,서울,1959-04-30,8.2,23.4
108,서울,1959-05-01,9.6,18.6
108,서울,1959-05-02,11,22.1
108,서울,1959-05-03,15.3,24.2
108,서울,1959-05-04,15,18.5
108,서울,1959-05-05,14.2,22.5
108,서울,1959-05-06,12.2,24
108,서울,1959-05-07,13.4,26.3
108,서울,1959-05-08,15.5,24.2
108,서울,1959-05-09,12.4,27.1
108,서울,1959-05-10,13.5,27.2
108,서울,1959-05-11,13.2,19.5
108,서울,1959-05-12,12.1,20.4
108,서울,1959-05-13,9.7,21.3
108,서울,1959-05-14,11.7,23.3
108,서울,1959-05-15,11.3,22.6
108,서울,1959-05-16,11.9,25.2
108,서울,1959-05-17,14.4,24.6
108,서울,1959-05-18,14.5,26.8
108,서울,1959-05-19,13.2,26
108,서울,1959-05-20,13.8,26
108,서울,1959-05-21,13.8,18.5
108,서울,1959-05-22,11.7,24.2
108,서울,1959-05-23,11.2,27
108,서울,1959-05-24,13.9,25.1
108,서울,1959-05-25,11.8,25.1
108,서울,1959-05-26,14.1,26.6
108,서울,1959-05-27,14,27.6
108,서울,1959-05-28,14.2,26.2
108,서울,1959-05-29,17.5,23.6
108,서울,1959-05-30,14.5,23
108,서울,1959-05-31,12.6,24
108,서울,1959-06-01,11.8,24.6
108,서울,1959-06-02,12.5,24.6
108,서울,1959-06-03,14,25.2
108,서울,1959-06-04,15.4,24.6
108,서울,1959-06-05,14.1,17.8
108,서울,1959-06-06,13.8,18.8
108,서울,1959-06-07,13.8,19.8
108,서울,1959-06-08,16.4,23.5
108,서울,1959-06-09,15.2,25.2
108,서울,1959-06-10,15.5,22.4
108,서울,1959-06-11,13.8,25.9
108,서울,1959-06-12,14.9,24.2
108,서울,1959-06-13,15.7,27.3
108,서울,1959-06-14,18,22.8
108,서울,1959-06-15,17.1,28.8
108,서울,1959-06-16,17.4,28.3
108,서울,1959-06-17,18.7,31.8
108,서울,1959-06-18,18.7,27.8
108,서울,1959-06-19,17.5,24.4
108,서울,1959-06-20,16.5,25.4
108,서울,1959-06-21,17,27.9
108,서울,1959-06-22,17.8,25.3
108,서울,1959-06-23,17.6,25.4
108,서울,1959-06-24,17.8,26.8
108,서울,1959-06-25,16.5,28.6
108,서울,1959-06-26,18.5,29.2
108,서울,1959-06-27,18.8,29.2
108,서울,1959-06-28,20.2,25.6
108,서울,1959-06-29,20.3,30
108,서울,1959-06-30,21.6,27.7
108,서울,1959-07-01,20.1,22
108,서울,1959-07-02,19.5,23.5
108,서울,1959-07-03,20,30.4
108,서울,1959-07-04,22.4,26.2
108,서울,1959-07-05,21.6,26.6
108,서울,1959-07-06,20.7,25.8
108,서울,1959-07-07,20.3,24.4
108,서울,1959-07-08,18.8,28
108,서울,1959-07-09,19.2,25.2
108,서울,1959-07-10,21.3,26.9
108,서울,1959-07-11,20.8,28.3
108,서울,1959-07-12,20.8,28.9
108,서울,1959-07-13,20,29.6
108,서울,1959-07-14,21.1,30.1
108,서울,1959-07-15,19.2,30.6
108,서울,1959-07-16,20.8,27.2
108,서울,1959-07-17,21.3,30
108,서울,1959-07-18,19.7,27.4
108,서울,1959-07-19,18.7,31.3
108,서울,1959-07-20,20,29.8
108,서울,1959-07-21,24,28.8
108,서울,1959-07-22,24.2,29.8
108,서울,1959-07-23,24,26
108,서울,1959-07-24,23,30.5
108,서울,1959-07-25,22.6,31.8
108,서울,1959-07-26,21.2,29.4
108,서울,1959-07-27,19.6,31
108,서울,1959-07-28,22,33.6
108,서울,1959-07-29,23.2,32.4
108,서울,1959-07-30,22.6,32.4
108,서울,1959-07-31,23,33.3
108,서울,1959-08-01,23.2,33.2
108,서울,1959-08-02,24.5,34
108,서울,1959-08-03,24.2,36.2
108,서울,1959-08-04,25.2,35
108,서울,1959-08-05,23.3,35.5
108,서울,1959-08-06,23.9,35
108,서울,1959-08-07,23,34.1
108,서울,1959-08-08,22.5,32.4
108,서울,1959-08-09,21.6,32
108,서울,1959-08-10,20,27
108,서울,1959-08-11,21.1,27.8
108,서울,1959-08-12,20,30.5
108,서울,1959-08-13,18.8,30
108,서울,1959-08-14,18.8,31.3
108,서울,1959-08-15,22.7,30.2
108,서울,1959-08-16,22.2,31.8
108,서울,1959-08-17,20.1,32.7
108,서울,1959-08-18,22.4,33.4
108,서울,1959-08-19,23.3,33.1
108,서울,1959-08-20,25.4,28.8
108,서울,1959-08-21,23,25.9
108,서울,1959-08-22,22.9,31.2
108,서울,1959-08-23,23.3,28.2
108,서울,1959-08-24,22.8,32.2
108,서울,1959-08-25,23.6,30.6
108,서울,1959-08-26,22,24.9
108,서울,1959-08-27,21.2,27.8
108,서울,1959-08-28,21,30.6
108,서울,1959-08-29,19.8,32.2
108,서울,1959-08-30,21.2,33.3
108,서울,1959-08-31,20.4,23.6
108,서울,1959-09-01,18.8,20.7
108,서울,1959-09-02,17.6,29.8
108,서울,1959-09-03,19.9,29.8
108,서울,1959-09-04,19.2,28.7
108,서울,1959-09-05,15.8,26.4
108,서울,1959-09-06,16.8,23.8
108,서울,1959-09-07,19.4,25.8
108,서울,1959-09-08,19,26.3
108,서울,1959-09-09,17.6,27.5
108,서울,1959-09-10,19,27.9
108,서울,1959-09-11,17.5,26.4
108,서울,1959-09-12,17.6,26
108,서울,1959-09-13,16.8,29
108,서울,1959-09-14,19.2,30.2
108,서울,1959-09-15,20.8,27.4
108,서울,1959-09-16,21.3,25
108,서울,1959-09-17,19,24.2
108,서울,1959-09-18,14.8,26.7
108,서울,1959-09-19,13.9,23
108,서울,1959-09-20,14.8,25
108,서울,1959-09-21,14.6,23.9
108,서울,1959-09-22,15.9,21.6
108,서울,1959-09-23,16.5,22.6
108,서울,1959-09-24,16.6,20.2
108,서울,1959-09-25,14.4,26.7
108,서울,1959-09-26,15,24.5
108,서울,1959-09-27,12.4,24.9
108,서울,1959-09-28,15.7,24.3
108,서울,1959-09-29,13.1,24.4
108,서울,1959-09-30,12.5,24.8
108,서울,1959-10-01,14.4,19.8
108,서울,1959-10-02,13.4,24.8
108,서울,1959-10-03,15.1,23.3
108,서울,1959-10-04,14.5,23.2
108,서울,1959-10-05,11.3,24.8
108,서울,1959-10-06,12.1,27.3
108,서울,1959-10-07,12.7,26.9
108,서울,1959-10-08,12.6,26.6
108,서울,1959-10-09,13.8,25.4
108,서울,1959-10-10,14.3,25
108,서울,1959-10-11,10.1,20.8
108,서울,1959-10-12,7.4,15.8
108,서울,1959-10-13,5.5,15.1
108,서울,1959-10-14,4.4,16.9
108,서울,1959-10-15,5.7,20.9
108,서울,1959-10-16,6.9,21.4
108,서울,1959-10-17,8.3,23.1
108,서울,1959-10-18,11.2,23
108,서울,1959-10-19,10.8,24
108,서울,1959-10-20,10,22.5
108,서울,1959-10-21,7.8,21.2
108,서울,1959-10-22,10.7,24.7
108,서울,1959-10-23,11.8,21.6
108,서울,1959-10-24,8.7,16.3
108,서울,1959-10-25,6.2,14.5
108,서울,1959-10-26,8.4,15
108,서울,1959-10-27,9.3,17.3
108,서울,1959-10-28,10.3,20.4
108,서울,1959-10-29,5.2,13.4
108,서울,1959-10-30,1.9,14.1
108,서울,1959-10-31,2.1,18.4
108,서울,1959-11-01,11.7,16.9
108,서울,1959-11-02,12.7,19.3
108,서울,1959-11-03,9.1,16.6
108,서울,1959-11-04,5.8,19.5
108,서울,1959-11-05,7.7,18.4
108,서울,1959-11-06,7,12.3
108,서울,1959-11-07,4.3,15.3
108,서울,1959-11-08,.5,9.9
108,서울,1959-11-09,-2,6
108,서울,1959-11-10,-2.9,7.2
108,서울,1959-11-11,-2.4,11.6
108,서울,1959-11-12,-1.9,7.3
108,서울,1959-11-13,-4,4.5
108,서울,1959-11-14,-3.3,11
108,서울,1959-11-15,2.7,14
108,서울,1959-11-16,2.7,11.3
108,서울,1959-11-17,-.2,11.8
108,서울,1959-11-18,2.2,15
108,서울,1959-11-19,3.7,11.4
108,서울,1959-11-20,1.4,12.3
108,서울,1959-11-21,-3.5,5.8
108,서울,1959-11-22,-5.5,2
108,서울,1959-11-23,-3.5,6.3
108,서울,1959-11-24,-.8,6.4
108,서울,1959-11-25,-3.5,1.9
108,서울,1959-11-26,-2.8,5.5
108,서울,1959-11-27,-3.2,7.1
108,서울,1959-11-28,-.5,7.8
108,서울,1959-11-29,-1.5,11.3
108,서울,1959-11-30,0,12.1
108,서울,1959-12-01,1.7,12.7
108,서울,1959-12-02,6.3,10.2
108,서울,1959-12-03,3.8,10.6
108,서울,1959-12-04,-2.3,6.6
108,서울,1959-12-05,-3.8,1.9
108,서울,1959-12-06,-4.3,3.4
108,서울,1959-12-07,-4.9,7.4
108,서울,1959-12-08,2.3,11.6
108,서울,1959-12-09,5.2,13.5
108,서울,1959-12-10,1.7,14.3
108,서울,1959-12-11,6,13.3
108,서울,1959-12-12,6.2,13.5
108,서울,1959-12-13,7,11.4
108,서울,1959-12-14,4.3,11.5
108,서울,1959-12-15,-5,5.6
108,서울,1959-12-16,-10.6,-4.6
108,서울,1959-12-17,-12.7,-5.8
108,서울,1959-12-18,-12.9,-4
108,서울,1959-12-19,-5.9,-.1
108,서울,1959-12-20,-7.1,.9
108,서울,1959-12-21,-9.7,-2.2
108,서울,1959-12-22,-8.9,-3
108,서울,1959-12-23,-7.6,-.9
108,서울,1959-12-24,-9.4,-3.4
108,서울,1959-12-25,-11.2,1
108,서울,1959-12-26,-3.8,5
108,서울,1959-12-27,.2,6.4
108,서울,1959-12-28,-2.8,3.4
108,서울,1959-12-29,-3.5,3.2
108,서울,1959-12-30,-4.8,2.9
108,서울,1959-12-31,-1.8,1.6
108,서울,1960-01-01,-5.2,2.2
108,서울,1960-01-02,-5.6,1.2
108,서울,1960-01-03,-2.1,8.7
108,서울,1960-01-04,1.2,10.8
108,서울,1960-01-05,-8.2,1.3
108,서울,1960-01-06,-9.5,-1.2
108,서울,1960-01-07,-3.5,6
108,서울,1960-01-08,.2,3.6
108,서울,1960-01-09,.1,4.8
108,서울,1960-01-10,-.5,4.2
108,서울,1960-01-11,-5.4,2.6
108,서울,1960-01-12,-7.6,1.2
108,서울,1960-01-13,-9.1,1.6
108,서울,1960-01-14,-6.7,2.4
108,서울,1960-01-15,-8.2,-2.2
108,서울,1960-01-16,-8.7,-1.2
108,서울,1960-01-17,-9.9,-1.1
108,서울,1960-01-18,-7.2,.5
108,서울,1960-01-19,-1.6,6.7
108,서울,1960-01-20,-3.4,1.7
108,서울,1960-01-21,-9.9,-3.4
108,서울,1960-01-22,-12.6,-4.9
108,서울,1960-01-23,-15.8,-9.6
108,서울,1960-01-24,-17,-8
108,서울,1960-01-25,-15.3,-.4
108,서울,1960-01-26,-12.2,-3.8
108,서울,1960-01-27,-14.8,-7.6
108,서울,1960-01-28,-15.3,-7
108,서울,1960-01-29,-14.6,-2
108,서울,1960-01-30,-6.4,5.2
108,서울,1960-01-31,-.2,6.2
108,서울,1960-02-01,-2.2,6.2
108,서울,1960-02-02,-4.7,6.6
108,서울,1960-02-03,-1.7,5.8
108,서울,1960-02-04,-4.7,2.6
108,서울,1960-02-05,-6.5,6.5
108,서울,1960-02-06,.9,12
108,서울,1960-02-07,5.3,13.1
108,서울,1960-02-08,6.6,13.7
108,서울,1960-02-09,-1.5,6.9
108,서울,1960-02-10,-5.7,.4
108,서울,1960-02-11,-6.1,-.5
108,서울,1960-02-12,-8.6,.3
108,서울,1960-02-13,-3.7,4.7
108,서울,1960-02-14,-3.7,3
108,서울,1960-02-15,-5.5,5
108,서울,1960-02-16,-6,5.2
108,서울,1960-02-17,-2.6,7
108,서울,1960-02-18,-6,2.8
108,서울,1960-02-19,-3.6,8.5
108,서울,1960-02-20,-.8,6.6
108,서울,1960-02-21,-3,4.5
108,서울,1960-02-22,-5.1,5.9
108,서울,1960-02-23,-4,8.4
108,서울,1960-02-24,-1.2,8.4
108,서울,1960-02-25,1.2,6.7
108,서울,1960-02-26,-1.6,6.8
108,서울,1960-02-27,-2.3,7.1
108,서울,1960-02-28,-2.4,9.3
108,서울,1960-02-29,1,10.8
108,서울,1960-03-01,-.4,14.2
108,서울,1960-03-02,0,11.7
108,서울,1960-03-03,-3.7,9.1
108,서울,1960-03-04,.8,9.8
108,서울,1960-03-05,-.4,13.7
108,서울,1960-03-06,5.2,11.1
108,서울,1960-03-07,2.8,17.8
108,서울,1960-03-08,5.6,16
108,서울,1960-03-09,7.2,18.1
108,서울,1960-03-10,4.2,16.8
108,서울,1960-03-11,5.1,10.8
108,서울,1960-03-12,-4.1,7.8
108,서울,1960-03-13,-5.8,3.2
108,서울,1960-03-14,-5.7,6
108,서울,1960-03-15,-1.4,9.6
108,서울,1960-03-16,-1.5,13.4
108,서울,1960-03-17,2.3,12.7
108,서울,1960-03-18,.2,16.7
108,서울,1960-03-19,4,16.4
108,서울,1960-03-20,6.8,11.2
108,서울,1960-03-21,2.5,9.4
108,서울,1960-03-22,-.1,11.7
108,서울,1960-03-23,2.8,9.8
108,서울,1960-03-24,1.1,13.9
108,서울,1960-03-25,3.8,8.1
108,서울,1960-03-26,2.3,8.4
108,서울,1960-03-27,.1,9.4
108,서울,1960-03-28,3.6,16.3
108,서울,1960-03-29,12.8,14.4
108,서울,1960-03-30,6.8,14.5
108,서울,1960-03-31,2.8,9.4
108,서울,1960-04-01,-.2,7.7
108,서울,1960-04-02,-.9,10.4
108,서울,1960-04-03,.2,12.9
108,서울,1960-04-04,3.2,12.2
108,서울,1960-04-05,.6,10.6
108,서울,1960-04-06,3.2,15.8
108,서울,1960-04-07,-.4,10.8
108,서울,1960-04-08,.2,15
108,서울,1960-04-09,2.7,20.4
108,서울,1960-04-10,6.4,16.9
108,서울,1960-04-11,3.9,17.1
108,서울,1960-04-12,9.2,22.1
108,서울,1960-04-13,9,12.2
108,서울,1960-04-14,7,14.3
108,서울,1960-04-15,6.2,14.6
108,서울,1960-04-16,4.7,12.7
108,서울,1960-04-17,2.6,13.4
108,서울,1960-04-18,2.2,15.1
108,서울,1960-04-19,4.5,15.7
108,서울,1960-04-20,8.1,17.1
108,서울,1960-04-21,4.6,15.8
108,서울,1960-04-22,9.6,18.1
108,서울,1960-04-23,8,25.3
108,서울,1960-04-24,10.5,21.7
108,서울,1960-04-25,12.3,22.8
108,서울,1960-04-26,12.3,23.5
108,서울,1960-04-27,11.2,20
108,서울,1960-04-28,7.3,22.1
108,서울,1960-04-29,8.5,21
108,서울,1960-04-30,6.8,24
108,서울,1960-05-01,9.9,19.6
108,서울,1960-05-02,6.4,26
108,서울,1960-05-03,18.2,24.9
108,서울,1960-05-04,12.6,23.4
108,서울,1960-05-05,10.1,20.6
108,서울,1960-05-06,8.9,21
108,서울,1960-05-07,11,21
108,서울,1960-05-08,9.1,21.9
108,서울,1960-05-09,11,16.2
108,서울,1960-05-10,9.5,22
108,서울,1960-05-11,9.3,22.3
108,서울,1960-05-12,13.1,20.5
108,서울,1960-05-13,12.3,16.8
108,서울,1960-05-14,12,20.8
108,서울,1960-05-15,12.6,16.4
108,서울,1960-05-16,11.3,20.2
108,서울,1960-05-17,10.8,19.7
108,서울,1960-05-18,13.7,19.6
108,서울,1960-05-19,11.3,22.4
108,서울,1960-05-20,10.8,20.7
108,서울,1960-05-21,10.8,21.4
108,서울,1960-05-22,11.2,21.7
108,서울,1960-05-23,11.6,24.6
108,서울,1960-05-24,14,28.5
108,서울,1960-05-25,15.8,30.2
108,서울,1960-05-26,15,25.6
108,서울,1960-05-27,15.2,22.2
108,서울,1960-05-28,14.5,18.6
108,서울,1960-05-29,13.1,23.4
108,서울,1960-05-30,12.8,22.3
108,서울,1960-05-31,11.8,24.3
108,서울,1960-06-01,15.2,24.4
108,서울,1960-06-02,15,23.3
108,서울,1960-06-03,13.6,17.8
108,서울,1960-06-04,12.7,22.4
108,서울,1960-06-05,15.1,23.7
108,서울,1960-06-06,13.7,26.8
108,서울,1960-06-07,17.4,25.2
108,서울,1960-06-08,17.8,29.9
108,서울,1960-06-09,16.6,27.6
108,서울,1960-06-10,17.9,24.8
108,서울,1960-06-11,15.2,26.6
108,서울,1960-06-12,15.6,19.5
108,서울,1960-06-13,14.6,19.5
108,서울,1960-06-14,16.3,27.8
108,서울,1960-06-15,18.8,28.5
108,서울,1960-06-16,15.8,27
108,서울,1960-06-17,15.3,21.3
108,서울,1960-06-18,17.4,22.6
108,서울,1960-06-19,16.9,26.8
108,서울,1960-06-20,16.7,26.4
108,서울,1960-06-21,19.9,31.4
108,서울,1960-06-22,18.6,26.2
108,서울,1960-06-23,16,27.8
108,서울,1960-06-24,16.6,31.7
108,서울,1960-06-25,17.8,31.2
108,서울,1960-06-26,18.8,25.2
108,서울,1960-06-27,18,24.4
108,서울,1960-06-28,19.6,24
108,서울,1960-06-29,19.4,22.6
108,서울,1960-06-30,20,26.2
108,서울,1960-07-01,19.5,24.2
108,서울,1960-07-02,20.7,29.8
108,서울,1960-07-03,20.7,24.4
108,서울,1960-07-04,20.4,26.4
108,서울,1960-07-05,20.4,30.6
108,서울,1960-07-06,21.4,30.4
108,서울,1960-07-07,18.9,22.3
108,서울,1960-07-08,18.6,22.3
108,서울,1960-07-09,18.8,27
108,서울,1960-07-10,19.5,30.2
108,서울,1960-07-11,21.1,30
108,서울,1960-07-12,22.8,29.1
108,서울,1960-07-13,22.8,29
108,서울,1960-07-14,22.1,24.4
108,서울,1960-07-15,22.6,29.2
108,서울,1960-07-16,22.9,31.9
108,서울,1960-07-17,23.4,31.5
108,서울,1960-07-18,23.7,31.4
108,서울,1960-07-19,23.7,31.4
108,서울,1960-07-20,23.5,31.2
108,서울,1960-07-21,21.9,31.5
108,서울,1960-07-22,21.4,32.4
108,서울,1960-07-23,22.8,31.6
108,서울,1960-07-24,23.3,28
108,서울,1960-07-25,21.5,24.8
108,서울,1960-07-26,19.9,27
108,서울,1960-07-27,22.6,30.5
108,서울,1960-07-28,23.4,28.6
108,서울,1960-07-29,25.8,32.3
108,서울,1960-07-30,24.9,30.6
108,서울,1960-07-31,24.3,30.5
108,서울,1960-08-01,24.2,29.8
108,서울,1960-08-02,24.7,29.8
108,서울,1960-08-03,24.6,34.3
108,서울,1960-08-04,24.6,34.3
108,서울,1960-08-05,24.5,34.4
108,서울,1960-08-06,25.7,34.1
108,서울,1960-08-07,24.7,33.6
108,서울,1960-08-08,24.8,34.1
108,서울,1960-08-09,24,33.7
108,서울,1960-08-10,24.2,33.8
108,서울,1960-08-11,24.3,32.9
108,서울,1960-08-12,23,32.2
108,서울,1960-08-13,23.2,30.6
108,서울,1960-08-14,21.4,32
108,서울,1960-08-15,20.8,30.6
108,서울,1960-08-16,22.8,28.7
108,서울,1960-08-17,23.5,33.9
108,서울,1960-08-18,22.7,31.1
108,서울,1960-08-19,22.7,33.3
108,서울,1960-08-20,24.4,34.1
108,서울,1960-08-21,23.1,33.5
108,서울,1960-08-22,24.1,32.4
108,서울,1960-08-23,20.9,27.1
108,서울,1960-08-24,20.6,29.6
108,서울,1960-08-25,19.9,29.2
108,서울,1960-08-26,19.9,31
108,서울,1960-08-27,20.4,30.4
108,서울,1960-08-28,18,25
108,서울,1960-08-29,18.6,21.7
108,서울,1960-08-30,17.7,26.6
108,서울,1960-08-31,20.6,29.4
108,서울,1960-09-01,19.4,31.3
108,서울,1960-09-02,22,31.1
108,서울,1960-09-03,21.1,25.7
108,서울,1960-09-04,19.2,23.6
108,서울,1960-09-05,17.7,29.1
108,서울,1960-09-06,20,25.1
108,서울,1960-09-07,17.3,26.4
108,서울,1960-09-08,14.5,24.3
108,서울,1960-09-09,15.3,26.1
108,서울,1960-09-10,16.5,28.6
108,서울,1960-09-11,15.1,29.2
108,서울,1960-09-12,16.7,30.2
108,서울,1960-09-13,17.5,30.7
108,서울,1960-09-14,17.8,21.5
108,서울,1960-09-15,15.2,23.8
108,서울,1960-09-16,12.3,25.7
108,서울,1960-09-17,15.4,20.8
108,서울,1960-09-18,15.9,20.8
108,서울,1960-09-19,16.8,27.8
108,서울,1960-09-20,16.2,27.9
108,서울,1960-09-21,14.6,27.2
108,서울,1960-09-22,17.6,25.3
108,서울,1960-09-23,18.1,24.9
108,서울,1960-09-24,19.6,25.1
108,서울,1960-09-25,16.6,27.2
108,서울,1960-09-26,16.9,20.7
108,서울,1960-09-27,17.2,22.5
108,서울,1960-09-28,14.8,23.5
108,서울,1960-09-29,14.1,18.3
108,서울,1960-09-30,14.8,18.6
108,서울,1960-10-01,14.2,21.8
108,서울,1960-10-02,12.1,21.1
108,서울,1960-10-03,9.8,21.1
108,서울,1960-10-04,8.8,23.8
108,서울,1960-10-05,9.5,23.1
108,서울,1960-10-06,12.6,21.4
108,서울,1960-10-07,10.3,23.8
108,서울,1960-10-08,10.5,22.2
108,서울,1960-10-09,9,23
108,서울,1960-10-10,9.3,22.8
108,서울,1960-10-11,10.6,24.2
108,서울,1960-10-12,12.1,25.7
108,서울,1960-10-13,12.8,24.4
108,서울,1960-10-14,15.4,25.2
108,서울,1960-10-15,14,24.9
108,서울,1960-10-16,10,17.8
108,서울,1960-10-17,8.2,17.4
108,서울,1960-10-18,5.4,20.3
108,서울,1960-10-19,8,22.7
108,서울,1960-10-20,11.8,23.1
108,서울,1960-10-21,10.8,22.9
108,서울,1960-10-22,10.1,22.4
108,서울,1960-10-23,9.7,22.4
108,서울,1960-10-24,9.8,21.2
108,서울,1960-10-25,7.4,14.7
108,서울,1960-10-26,8.5,12
108,서울,1960-10-27,7,17.5
108,서울,1960-10-28,6.2,17.2
108,서울,1960-10-29,7.6,17.6
108,서울,1960-10-30,8.2,17.6
108,서울,1960-10-31,7.3,19.2
108,서울,1960-11-01,7.8,17.1
108,서울,1960-11-02,3.5,12.2
108,서울,1960-11-03,1.1,13.3
108,서울,1960-11-04,5.4,13.7
108,서울,1960-11-05,2.1,14.4
108,서울,1960-11-06,2.8,17.1
108,서울,1960-11-07,4,17
108,서울,1960-11-08,5.6,18
108,서울,1960-11-09,6.4,14.8
108,서울,1960-11-10,3.2,9.8
108,서울,1960-11-11,2,11.6
108,서울,1960-11-12,2.8,13.5
108,서울,1960-11-13,2.3,11.8
108,서울,1960-11-14,1.5,10.2
108,서울,1960-11-15,2.9,14.1
108,서울,1960-11-16,4.5,14.1
108,서울,1960-11-17,3.4,14.9
108,서울,1960-11-18,2.9,13
108,서울,1960-11-19,5,14.5
108,서울,1960-11-20,.9,12.3
108,서울,1960-11-21,8.8,14.9
108,서울,1960-11-22,10.3,14.7
108,서울,1960-11-23,6.5,11.3
108,서울,1960-11-24,6.5,10.2
108,서울,1960-11-25,.9,8.8
108,서울,1960-11-26,-10.2,1.1
108,서울,1960-11-27,-11.2,.1
108,서울,1960-11-28,-3.2,3.8
108,서울,1960-11-29,-5.2,2.2
108,서울,1960-11-30,-4,7.9
108,서울,1960-12-01,-7.3,-.8
108,서울,1960-12-02,-2.2,8.2
108,서울,1960-12-03,.1,9.9
108,서울,1960-12-04,-.4,7.6
108,서울,1960-12-05,-3,4
108,서울,1960-12-06,-7.6,-1
108,서울,1960-12-07,-6.9,1.8
108,서울,1960-12-08,-6.2,5.6
108,서울,1960-12-09,.4,8
108,서울,1960-12-10,2.2,9.4
108,서울,1960-12-11,.5,11.6
108,서울,1960-12-12,-1.7,8.4
108,서울,1960-12-13,-4.7,3.6
108,서울,1960-12-14,-2.9,4.4
108,서울,1960-12-15,-4,2.9
108,서울,1960-12-16,-6.6,4.2
108,서울,1960-12-17,-11.4,.6
108,서울,1960-12-18,-13.1,-6.2
108,서울,1960-12-19,-12.6,-1.8
108,서울,1960-12-20,-6.3,2.3
108,서울,1960-12-21,-7.2,1.9
108,서울,1960-12-22,-5.6,4.8
108,서울,1960-12-23,-5,4.7
108,서울,1960-12-24,-1,5.8
108,서울,1960-12-25,-6.6,2
108,서울,1960-12-26,-7.7,-1.7
108,서울,1960-12-27,-9.4,-.7
108,서울,1960-12-28,-9.8,-4.3
108,서울,1960-12-29,-13.5,-7.9
108,서울,1960-12-30,-16,-9.7
108,서울,1960-12-31,-15.7,-7.2
108,서울,1961-01-01,-15,-4.9
108,서울,1961-01-02,-12.3,.2
108,서울,1961-01-03,-4.7,.3
108,서울,1961-01-04,-13.7,-4.7
108,서울,1961-01-05,-16.5,-6.2
108,서울,1961-01-06,-9.9,-5.7
108,서울,1961-01-07,-9.9,-.5
108,서울,1961-01-08,-4.7,2.3
108,서울,1961-01-09,-4.5,2.9
108,서울,1961-01-10,-10.6,1.8
108,서울,1961-01-11,-16.4,-9.5
108,서울,1961-01-12,-16.3,-5.2
108,서울,1961-01-13,-8,2.4
108,서울,1961-01-14,-9.7,-2
108,서울,1961-01-15,-9.2,-.8
108,서울,1961-01-16,-12.8,-4.7
108,서울,1961-01-17,-16.2,-4.2
108,서울,1961-01-18,-12.5,-6.4
108,서울,1961-01-19,-14.5,-2.3
108,서울,1961-01-20,-7,1.5
108,서울,1961-01-21,-3,5.2
108,서울,1961-01-22,-8.1,-1
108,서울,1961-01-23,-7.5,3.9
108,서울,1961-01-24,-2.2,1.1
108,서울,1961-01-25,-4.8,1.1
108,서울,1961-01-26,-7.5,-.6
108,서울,1961-01-27,-7.9,3.2
108,서울,1961-01-28,-5.4,2.5
108,서울,1961-01-29,-5.4,1.4
108,서울,1961-01-30,-7.6,-2.2
108,서울,1961-01-31,-13.4,-5.7
108,서울,1961-02-01,-14.2,-3.8
108,서울,1961-02-02,-11.2,-5.4
108,서울,1961-02-03,-11.6,-.5
108,서울,1961-02-04,-4.1,5.1
108,서울,1961-02-05,.8,4.7
108,서울,1961-02-06,1.6,7.3
108,서울,1961-02-07,-2.5,3.4
108,서울,1961-02-08,-4.5,1.2
108,서울,1961-02-09,-5,2.4
108,서울,1961-02-10,-8,-.4
108,서울,1961-02-11,-5.4,2.1
108,서울,1961-02-12,-8.9,.1
108,서울,1961-02-13,-6.8,4.6
108,서울,1961-02-14,-9.8,-4.4
108,서울,1961-02-15,-8.7,-1.2
108,서울,1961-02-16,-8.8,2.4
108,서울,1961-02-17,-5.8,2.5
108,서울,1961-02-18,-8.3,3
108,서울,1961-02-19,-5.2,9.5
108,서울,1961-02-20,1.1,9.8
108,서울,1961-02-21,-2.2,6.8
108,서울,1961-02-22,-4.2,6.4
108,서울,1961-02-23,-4.5,7.4
108,서울,1961-02-24,-2.2,9.4
108,서울,1961-02-25,-.6,6.6
108,서울,1961-02-26,-2,6.5
108,서울,1961-02-27,-3.9,8.4
108,서울,1961-02-28,-2.7,12.7
108,서울,1961-03-01,1.3,11.9
108,서울,1961-03-02,5.3,9.7
108,서울,1961-03-03,1.8,9.6
108,서울,1961-03-04,1.3,8.6
108,서울,1961-03-05,-1.1,7.9
108,서울,1961-03-06,-1.9,9
108,서울,1961-03-07,-4.5,3.5
108,서울,1961-03-08,-4.9,4.5
108,서울,1961-03-09,-4.3,4.6
108,서울,1961-03-10,-4.2,5.8
108,서울,1961-03-11,-2.5,8.2
108,서울,1961-03-12,-.9,11.8
108,서울,1961-03-13,3.2,14.8
108,서울,1961-03-14,1.6,11.8
108,서울,1961-03-15,.4,11.5
108,서울,1961-03-16,-.8,12
108,서울,1961-03-17,-.2,14.9
108,서울,1961-03-18,4,12.7
108,서울,1961-03-19,5.7,12.9
108,서울,1961-03-20,3.1,12.9
108,서울,1961-03-21,1.4,13.5
108,서울,1961-03-22,1.3,13
108,서울,1961-03-23,1.6,12.7
108,서울,1961-03-24,0,13.1
108,서울,1961-03-25,1.9,17
108,서울,1961-03-26,1.6,10.4
108,서울,1961-03-27,.2,8.9
108,서울,1961-03-28,-.6,10.8
108,서울,1961-03-29,4,12.7
108,서울,1961-03-30,5.4,14.8
108,서울,1961-03-31,3.6,14.3
108,서울,1961-04-01,5.4,17.3
108,서울,1961-04-02,1.8,15.8
108,서울,1961-04-03,6.4,19.6
108,서울,1961-04-04,7.4,17.8
108,서울,1961-04-05,4.4,11.8
108,서울,1961-04-06,2.6,9.6
108,서울,1961-04-07,1.4,18.4
108,서울,1961-04-08,2.7,12.8
108,서울,1961-04-09,.7,10.7
108,서울,1961-04-10,.7,14.3
108,서울,1961-04-11,6,10.6
108,서울,1961-04-12,7.4,19.4
108,서울,1961-04-13,8.6,21.5
108,서울,1961-04-14,7.3,18.3
108,서울,1961-04-15,4.5,13.4
108,서울,1961-04-16,2.4,12.8
108,서울,1961-04-17,4.6,14.8
108,서울,1961-04-18,4.2,18.7
108,서울,1961-04-19,6.7,21.4
108,서울,1961-04-20,8.6,25
108,서울,1961-04-21,13.8,16.9
108,서울,1961-04-22,14.1,22.3
108,서울,1961-04-23,9.5,22.4
108,서울,1961-04-24,11.5,20.2
108,서울,1961-04-25,9.6,17.8
108,서울,1961-04-26,10.4,18.2
108,서울,1961-04-27,7.6,17.8
108,서울,1961-04-28,8.6,24.3
108,서울,1961-04-29,9.3,21.8
108,서울,1961-04-30,7.8,14.9
108,서울,1961-05-01,7.8,17.6
108,서울,1961-05-02,4.2,21.2
108,서울,1961-05-03,8.8,24.8
108,서울,1961-05-04,6.5,17.3
108,서울,1961-05-05,5.9,14.8
108,서울,1961-05-06,6.7,21.2
108,서울,1961-05-07,10.8,20.5
108,서울,1961-05-08,11.7,22.8
108,서울,1961-05-09,12,24.7
108,서울,1961-05-10,19.7,23.7
108,서울,1961-05-11,13.9,21
108,서울,1961-05-12,11.4,20.5
108,서울,1961-05-13,9.7,22.8
108,서울,1961-05-14,11.7,26.3
108,서울,1961-05-15,13.5,23.6
108,서울,1961-05-16,13.9,24.6
108,서울,1961-05-17,12.8,26.8
108,서울,1961-05-18,15.8,21.8
108,서울,1961-05-19,12.7,25.8
108,서울,1961-05-20,13.5,21.8
108,서울,1961-05-21,11.1,22.8
108,서울,1961-05-22,12.5,24.6
108,서울,1961-05-23,14.2,22.3
108,서울,1961-05-24,12.5,22.3
108,서울,1961-05-25,11.4,25.9
108,서울,1961-05-26,13.7,30.1
108,서울,1961-05-27,15.6,26.4
108,서울,1961-05-28,14.2,20.8
108,서울,1961-05-29,12.3,20.6
108,서울,1961-05-30,12.1,27.1
108,서울,1961-05-31,14.6,23.4
108,서울,1961-06-01,14.3,26.2
108,서울,1961-06-02,15.1,29
108,서울,1961-06-03,17,29
108,서울,1961-06-04,14.8,20.8
108,서울,1961-06-05,14.2,25.4
108,서울,1961-06-06,16.8,26
108,서울,1961-06-07,16.4,29.9
108,서울,1961-06-08,19.3,27
108,서울,1961-06-09,16.6,24
108,서울,1961-06-10,15.3,24.3
108,서울,1961-06-11,17.9,23.8
108,서울,1961-06-12,17.9,22.4
108,서울,1961-06-13,17.7,23.2
108,서울,1961-06-14,16.3,26.6
108,서울,1961-06-15,15.8,26.7
108,서울,1961-06-16,14.8,19.4
108,서울,1961-06-17,13.5,26.8
108,서울,1961-06-18,17.9,31.2
108,서울,1961-06-19,20.3,23.6
108,서울,1961-06-20,17.6,20.6
108,서울,1961-06-21,17.5,29.9
108,서울,1961-06-22,21.9,29.5
108,서울,1961-06-23,19.4,26.2
108,서울,1961-06-24,19.2,29.5
108,서울,1961-06-25,20.2,30.4
108,서울,1961-06-26,21.2,29.4
108,서울,1961-06-27,20.3,30.6
108,서울,1961-06-28,20.4,28.2
108,서울,1961-06-29,19.8,29.8
108,서울,1961-06-30,19.6,31.2
108,서울,1961-07-01,21.4,32.3
108,서울,1961-07-02,21.4,28
108,서울,1961-07-03,23,26.6
108,서울,1961-07-04,23.4,31.1
108,서울,1961-07-05,22.8,31.5
108,서울,1961-07-06,21.6,25
108,서울,1961-07-07,21.5,24.6
108,서울,1961-07-08,22.8,25.8
108,서울,1961-07-09,23.2,27.5
108,서울,1961-07-10,22.8,28.3
108,서울,1961-07-11,22.2,29
108,서울,1961-07-12,22.2,25.6
108,서울,1961-07-13,24.6,27.4
108,서울,1961-07-14,22.7,26.7
108,서울,1961-07-15,23.9,29.8
108,서울,1961-07-16,23.6,30.6
108,서울,1961-07-17,22.4,31.8
108,서울,1961-07-18,22.8,33.5
108,서울,1961-07-19,23.8,33.4
108,서울,1961-07-20,22.4,31.3
108,서울,1961-07-21,24.2,29.7
108,서울,1961-07-22,23.4,31.5
108,서울,1961-07-23,24.2,32.7
108,서울,1961-07-24,23.8,32.7
108,서울,1961-07-25,25.6,33
108,서울,1961-07-26,25.3,33.3
108,서울,1961-07-27,24.7,30.5
108,서울,1961-07-28,24.1,27.4
108,서울,1961-07-29,23.4,33.5
108,서울,1961-07-30,24.4,33.9
108,서울,1961-07-31,24.4,34.4
108,서울,1961-08-01,25.1,35.3
108,서울,1961-08-02,25.8,34.2
108,서울,1961-08-03,25.6,35.1
108,서울,1961-08-04,24.6,30
108,서울,1961-08-05,24.3,33.1
108,서울,1961-08-06,25,32.8
108,서울,1961-08-07,25,33.5
108,서울,1961-08-08,23.3,30.3
108,서울,1961-08-09,24.4,31.4
108,서울,1961-08-10,24.8,30.3
108,서울,1961-08-11,24.3,30.5
108,서울,1961-08-12,22.7,28
108,서울,1961-08-13,23.1,30.7
108,서울,1961-08-14,21.9,32
108,서울,1961-08-15,24.7,29.6
108,서울,1961-08-16,22.2,26.1
108,서울,1961-08-17,22.5,31.2
108,서울,1961-08-18,22.8,33.4
108,서울,1961-08-19,24.3,33.5
108,서울,1961-08-20,24.2,30.3
108,서울,1961-08-21,24.3,31.3
108,서울,1961-08-22,24.4,31.3
108,서울,1961-08-23,24.9,31.1
108,서울,1961-08-24,23.6,30
108,서울,1961-08-25,22.4,29.7
108,서울,1961-08-26,21.3,32.2
108,서울,1961-08-27,23.3,31.3
108,서울,1961-08-28,21,31.4
108,서울,1961-08-29,21,29.5
108,서울,1961-08-30,20.8,24.9
108,서울,1961-08-31,22,26.3
108,서울,1961-09-01,19.6,22.8
108,서울,1961-09-02,17.7,30
108,서울,1961-09-03,20.3,28.9
108,서울,1961-09-04,23,31.7
108,서울,1961-09-05,19.1,25.6
108,서울,1961-09-06,17.6,27.8
108,서울,1961-09-07,18.8,30
108,서울,1961-09-08,19.5,24.2
108,서울,1961-09-09,17.2,28
108,서울,1961-09-10,18.3,28.8
108,서울,1961-09-11,17.9,27.9
108,서울,1961-09-12,18.4,29.1
108,서울,1961-09-13,17.3,22.3
108,서울,1961-09-14,18.1,20.3
108,서울,1961-09-15,15.2,27.5
108,서울,1961-09-16,15.5,25.5
108,서울,1961-09-17,12.8,22.3
108,서울,1961-09-18,10.4,23.4
108,서울,1961-09-19,11.3,24.2
108,서울,1961-09-20,15.7,24.7
108,서울,1961-09-21,17.9,27.2
108,서울,1961-09-22,18.8,26.2
108,서울,1961-09-23,18.2,25.1
108,서울,1961-09-24,16.6,26.1
108,서울,1961-09-25,16.8,19.4
108,서울,1961-09-26,13.7,27.2
108,서울,1961-09-27,15.6,27.9
108,서울,1961-09-28,18,29.4
108,서울,1961-09-29,18,26
108,서울,1961-09-30,15.2,25.2
108,서울,1961-10-01,13.2,23.9
108,서울,1961-10-02,12.9,25.1
108,서울,1961-10-03,16.2,25.8
108,서울,1961-10-04,17.1,22
108,서울,1961-10-05,16.7,20.7
108,서울,1961-10-06,8.7,23
108,서울,1961-10-07,9.8,21.9
108,서울,1961-10-08,9.4,22.2
108,서울,1961-10-09,11.2,25.2
108,서울,1961-10-10,12.2,22.6
108,서울,1961-10-11,8.8,21.1
108,서울,1961-10-12,11.6,20.9
108,서울,1961-10-13,8.5,18.4
108,서울,1961-10-14,7.1,17.9
108,서울,1961-10-15,12,22.7
108,서울,1961-10-16,12.2,16.9
108,서울,1961-10-17,13.7,23.7
108,서울,1961-10-18,14.9,22.6
108,서울,1961-10-19,15.4,19.5
108,서울,1961-10-20,13.1,21.2
108,서울,1961-10-21,8.8,21.6
108,서울,1961-10-22,10.7,21.5
108,서울,1961-10-23,7.1,16
108,서울,1961-10-24,6.2,20
108,서울,1961-10-25,9,20.4
108,서울,1961-10-26,12.4,16.7
108,서울,1961-10-27,11.5,21.4
108,서울,1961-10-28,7.9,19.5
108,서울,1961-10-29,7.8,17.2
108,서울,1961-10-30,4.1,16.7
108,서울,1961-10-31,3.3,17.3
108,서울,1961-11-01,4.2,20.4
108,서울,1961-11-02,11.3,16.8
108,서울,1961-11-03,8.9,16.6
108,서울,1961-11-04,7.1,13.8
108,서울,1961-11-05,1.4,13.7
108,서울,1961-11-06,1.8,16.4
108,서울,1961-11-07,7.3,18.9
108,서울,1961-11-08,.6,15.3
108,서울,1961-11-09,-2.6,6.9
108,서울,1961-11-10,1.7,14.6
108,서울,1961-11-11,.4,12
108,서울,1961-11-12,3.6,12.3
108,서울,1961-11-13,.8,15.7
108,서울,1961-11-14,5,15.1
108,서울,1961-11-15,5.6,18.3
108,서울,1961-11-16,10.7,16.6
108,서울,1961-11-17,12.3,14.6
108,서울,1961-11-18,12.4,16.9
108,서울,1961-11-19,8.9,16.5
108,서울,1961-11-20,7.3,14.4
108,서울,1961-11-21,8.3,13.5
108,서울,1961-11-22,-.6,8.3
108,서울,1961-11-23,-3,3.4
108,서울,1961-11-24,-3.5,6.4
108,서울,1961-11-25,6.4,11.9
108,서울,1961-11-26,5.8,13.8
108,서울,1961-11-27,6.4,10.6
108,서울,1961-11-28,7.1,12.1
108,서울,1961-11-29,2.6,10.1
108,서울,1961-11-30,1.8,11
108,서울,1961-12-01,.7,10.1
108,서울,1961-12-02,-.1,10.6
108,서울,1961-12-03,3,8.6
108,서울,1961-12-04,2.4,11
108,서울,1961-12-05,-2.6,4.9
108,서울,1961-12-06,-4.5,1.6
108,서울,1961-12-07,-5.7,3.5
108,서울,1961-12-08,-2,2.6
108,서울,1961-12-09,-3.8,5
108,서울,1961-12-10,3,7.6
108,서울,1961-12-11,-1.1,11.4
108,서울,1961-12-12,1.2,13
108,서울,1961-12-13,-11,1.2
108,서울,1961-12-14,-12.5,-5.1
108,서울,1961-12-15,-11.1,-1.8
108,서울,1961-12-16,-3.8,1.7
108,서울,1961-12-17,1.5,5.6
108,서울,1961-12-18,3.3,7
108,서울,1961-12-19,-4.5,.8
108,서울,1961-12-20,-5.9,2.5
108,서울,1961-12-21,-7.7,-2.8
108,서울,1961-12-22,-8.8,.4
108,서울,1961-12-23,-4,5.4
108,서울,1961-12-24,-6.8,4.2
108,서울,1961-12-25,-9.3,-.9
108,서울,1961-12-26,-7.4,-.1
108,서울,1961-12-27,-8.6,-1.6
108,서울,1961-12-28,-10.4,-3.2
108,서울,1961-12-29,-9.8,1.1
108,서울,1961-12-30,-8.2,2
108,서울,1961-12-31,-5.4,3.6
